foreign_airport,airline,flight_type,delta,actual_date,scheduled_date,local_airport
Marrakech,EASYJET,arrival,-6,2024-10-22 22:39:00,2024-10-22 22:45:00,Geneva
Edinburgh,EASYJET,arrival,-15,2024-10-22 22:30:00,2024-10-22 22:45:00,Geneva
Barcelona,EASYJET,arrival,-13,2024-10-22 22:37:00,2024-10-22 22:50:00,Geneva
Budapest,EASYJET,arrival,-5,2024-10-22 22:50:00,2024-10-22 22:55:00,Geneva
Antalya,SWISS,arrival,6,2024-10-22 23:06:00,2024-10-22 23:00:00,Geneva
Oslo,SWISS,arrival,-3,2024-10-22 23:27:00,2024-10-22 23:30:00,Geneva
Pristina,EASYJET,arrival,-10,2024-10-22 23:00:00,2024-10-22 23:10:00,Geneva
Nantes,EASYJET,arrival,33,2024-10-22 23:28:00,2024-10-22 22:55:00,Geneva
Athens,SWISS,arrival,11,2024-10-22 22:41:00,2024-10-22 22:30:00,Geneva
Bari,EASYJET,arrival,-1,2024-10-22 22:14:00,2024-10-22 22:15:00,Geneva
Tunis,TUNISAIR,arrival,0,2024-10-23 18:20:00,2024-10-23 18:20:00,Geneva
Tivat,EASYJET,arrival,0,2024-10-23 18:10:00,2024-10-23 18:10:00,Geneva
Barcelona,EASYJET,arrival,0,2024-10-23 18:10:00,2024-10-23 18:10:00,Geneva
Istanbul,TURKISH AIRLINES,arrival,0,2024-10-23 18:10:00,2024-10-23 18:10:00,Geneva
Nice,EASYJET,arrival,0,2024-10-23 18:00:00,2024-10-23 18:00:00,Geneva
Pristina,EASYJET,arrival,0,2024-10-23 17:40:00,2024-10-23 17:40:00,Geneva
Bucharest,WIZZ AIR,arrival,0,2024-10-23 17:40:00,2024-10-23 17:40:00,Geneva
Venice,EASYJET,arrival,0,2024-10-23 17:25:00,2024-10-23 17:25:00,Geneva
Barcelona,VUELING,arrival,0,2024-10-23 17:20:00,2024-10-23 17:20:00,Geneva
London,BRITISH AIRWAYS,arrival,0,2024-10-23 10:35:00,2024-10-23 10:35:00,Geneva
Antalya,PEGASUS,arrival,0,2024-10-23 18:55:00,2024-10-23 18:55:00,Geneva
Porto,EASYJET,arrival,0,2024-10-23 19:00:00,2024-10-23 19:00:00,Geneva
Toulouse,EASYJET,arrival,0,2024-10-23 19:00:00,2024-10-23 19:00:00,Geneva
Djerba,TUNISAIR,arrival,0,2024-10-23 19:20:00,2024-10-23 19:20:00,Geneva
Munich,AIR DOLOMITI,arrival,0,2024-10-23 19:30:00,2024-10-23 19:30:00,Geneva
Bordeaux,EASYJET,arrival,0,2024-10-23 10:10:00,2024-10-23 10:10:00,Geneva
Naples,EASYJET,arrival,0,2024-10-23 10:20:00,2024-10-23 10:20:00,Geneva
London,EASYJET,arrival,0,2024-10-23 15:35:00,2024-10-23 15:35:00,Geneva
Valencia,EASYJET,arrival,0,2024-10-23 16:55:00,2024-10-23 16:55:00,Geneva
Lille,EASYJET,arrival,0,2024-10-23 13:25:00,2024-10-23 13:25:00,Geneva
Zurich,SWISS,arrival,0,2024-10-23 13:00:00,2024-10-23 13:00:00,Geneva
Santiago de Compostela,EASYJET,arrival,0,2024-10-23 12:50:00,2024-10-23 12:50:00,Geneva
Djerba,EASYJET,arrival,0,2024-10-23 12:30:00,2024-10-23 12:30:00,Geneva
London,BRITISH AIRWAYS,arrival,0,2024-10-23 12:00:00,2024-10-23 12:00:00,Geneva
London,EASYJET,arrival,0,2024-10-23 11:05:00,2024-10-23 11:05:00,Geneva
Porto,EASYJET,arrival,0,2024-10-23 11:10:00,2024-10-23 11:10:00,Geneva
Split,EASYJET,arrival,0,2024-10-23 13:45:00,2024-10-23 13:45:00,Geneva
Belgrade,EASYJET,arrival,0,2024-10-23 11:30:00,2024-10-23 11:30:00,Geneva
Catania,SWISS,arrival,0,2024-10-23 11:35:00,2024-10-23 11:35:00,Geneva
Lisbon,EASYJET,arrival,0,2024-10-23 11:50:00,2024-10-23 11:50:00,Geneva
Copenhagen,EASYJET,arrival,0,2024-10-23 11:20:00,2024-10-23 11:20:00,Geneva
Ajaccio,EASYJET,arrival,0,2024-10-23 10:40:00,2024-10-23 10:40:00,Geneva
London,BRITISH AIRWAYS,arrival,0,2024-10-23 15:50:00,2024-10-23 15:50:00,Geneva
Nice,SWISS,arrival,0,2024-10-23 16:20:00,2024-10-23 16:20:00,Geneva
Palma de Mallorca,EASYJET,arrival,0,2024-10-23 16:20:00,2024-10-23 16:20:00,Geneva
Alicante,EASYJET,arrival,0,2024-10-23 15:30:00,2024-10-23 15:30:00,Geneva
Seville,EASYJET,arrival,0,2024-10-23 16:30:00,2024-10-23 16:30:00,Geneva
Faro,EASYJET,arrival,0,2024-10-23 16:40:00,2024-10-23 16:40:00,Geneva
Hurghada,SWISS,arrival,0,2024-10-23 16:50:00,2024-10-23 16:50:00,Geneva
Luxembourg,LUXAIR,arrival,0,2024-10-23 16:50:00,2024-10-23 16:50:00,Geneva
Porto,EASYJET,arrival,0,2024-10-23 15:30:00,2024-10-23 15:30:00,Geneva
Barcelona,EASYJET,arrival,0,2024-10-23 15:20:00,2024-10-23 15:20:00,Geneva
Madrid,EASYJET,arrival,0,2024-10-23 14:35:00,2024-10-23 14:35:00,Geneva
Santorin,SWISS,arrival,0,2024-10-23 14:55:00,2024-10-23 14:55:00,Geneva
Nice,EASYJET,arrival,0,2024-10-23 15:00:00,2024-10-23 15:00:00,Geneva
Porto,TAP PORTUGAL,arrival,0,2024-10-23 15:05:00,2024-10-23 15:05:00,Geneva
Prague,EASYJET,arrival,0,2024-10-23 15:15:00,2024-10-23 15:15:00,Geneva
Bastia,EASYJET,arrival,0,2024-10-23 14:40:00,2024-10-23 14:40:00,Geneva
Birmingham,EASYJET,arrival,0,2024-10-23 20:05:00,2024-10-23 20:05:00,Geneva
Berlin,EASYJET,arrival,0,2024-10-23 20:00:00,2024-10-23 20:00:00,Geneva
Amsterdam,EASYJET,arrival,0,2024-10-23 20:05:00,2024-10-23 20:05:00,Geneva
London,BRITISH AIRWAYS,arrival,0,2024-10-23 09:20:00,2024-10-23 09:20:00,Geneva
Porto,EASYJET,arrival,0,2024-10-23 09:25:00,2024-10-23 09:25:00,Geneva
Barcelona,EASYJET,arrival,0,2024-10-23 09:30:00,2024-10-23 09:30:00,Geneva
Olbia,EASYJET,arrival,0,2024-10-23 09:30:00,2024-10-23 09:30:00,Geneva
Brussels,EASYJET,arrival,0,2024-10-23 09:20:00,2024-10-23 09:20:00,Geneva
Tbilissi,HELVETIC AIRWAYS,arrival,0,2024-10-23 20:15:00,2024-10-23 20:15:00,Geneva
Lisbon,EASYJET,arrival,0,2024-10-23 20:20:00,2024-10-23 20:20:00,Geneva
Nice,EASYJET,arrival,0,2024-10-23 20:30:00,2024-10-23 20:30:00,Geneva
Prague,EUROWINGS,arrival,0,2024-10-23 20:35:00,2024-10-23 20:35:00,Geneva
Lanzarote,EASYJET,arrival,-18,2024-10-23 21:57:00,2024-10-23 22:15:00,Geneva
Bordeaux,EASYJET,arrival,-17,2024-10-23 21:33:00,2024-10-23 21:50:00,Geneva
Hamburg,SWISS,arrival,-21,2024-10-23 21:09:00,2024-10-23 21:30:00,Geneva
Porto,SWISS,arrival,-19,2024-10-23 21:01:00,2024-10-23 21:20:00,Geneva
Manchester,EASYJET,arrival,-4,2024-10-23 22:21:00,2024-10-23 22:25:00,Geneva
Menorca,EASYJET,arrival,-3,2024-10-23 22:32:00,2024-10-23 22:35:00,Geneva
Athens,EASYJET,arrival,-2,2024-10-23 22:33:00,2024-10-23 22:35:00,Geneva
Brindisi,SWISS,arrival,-26,2024-10-23 22:54:00,2024-10-23 23:20:00,Geneva
Dublin,SWISS,arrival,-23,2024-10-23 22:37:00,2024-10-23 23:00:00,Geneva
Brindisi,EASYJET,arrival,-6,2024-10-23 22:54:00,2024-10-23 23:00:00,Geneva
Edinburgh,EASYJET,arrival,35,2024-10-23 23:15:00,2024-10-23 22:40:00,Geneva
Sharm El-Sheikh,EASYJET,arrival,1,2024-10-23 22:36:00,2024-10-23 22:35:00,Geneva
Copenhagen,EASYJET,arrival,-10,2024-10-23 22:45:00,2024-10-23 22:55:00,Geneva
Tel Aviv-YafoVIA Larnaca,ARKIA,arrival,0,2024-10-24 11:00:00,2024-10-24 11:00:00,Geneva
Barcelona,EASYJET,arrival,-6,2024-10-24 08:19:00,2024-10-24 08:25:00,Geneva
Nice,EASYJET,arrival,-16,2024-10-24 07:44:00,2024-10-24 08:00:00,Geneva
Palma de Mallorca,EASYJET,arrival,-1,2024-10-24 07:39:00,2024-10-24 07:40:00,Geneva
Faro,EASYJET,arrival,-29,2024-10-24 09:36:00,2024-10-24 10:05:00,Geneva
Tunis,TUNISAIR,arrival,12,2024-10-24 10:12:00,2024-10-24 10:00:00,Geneva
Bordeaux,EASYJET,arrival,-1,2024-10-24 10:29:00,2024-10-24 10:30:00,Geneva
Cagliari,EASYJET,arrival,-8,2024-10-24 09:47:00,2024-10-24 09:55:00,Geneva
Porto,EASYJET,arrival,9,2024-10-24 09:54:00,2024-10-24 09:45:00,Geneva
London,BRITISH AIRWAYS,arrival,-5,2024-10-24 10:35:00,2024-10-24 10:40:00,Geneva
Lisbon,EASYJET,arrival,-7,2024-10-24 10:43:00,2024-10-24 10:50:00,Geneva
Pristina,SWISS,arrival,-11,2024-10-24 11:59:00,2024-10-24 12:10:00,Geneva
Alicante,SWISS,arrival,0,2024-10-24 11:40:00,2024-10-24 11:40:00,Geneva
Oslo,NORWEGIAN AIR SHUTTLE,arrival,14,2024-10-24 11:34:00,2024-10-24 11:20:00,Geneva
Santiago de Compostela,EASYJET,arrival,3,2024-10-24 11:08:00,2024-10-24 11:05:00,Geneva
Tel AvivVIA Larnaca,ARKIA,arrival,0,2024-10-24 11:00:00,2024-10-24 11:00:00,Geneva
Casablanca,AIR ARABIA MAROC,arrival,-11,2024-10-24 11:49:00,2024-10-24 12:00:00,Geneva
Athens,EASYJET,arrival,-11,2024-10-24 13:14:00,2024-10-24 13:25:00,Geneva
Barcelona,VUELING,arrival,10,2024-10-24 13:50:00,2024-10-24 13:40:00,Geneva
Manchester,EASYJET,arrival,30,2024-10-24 14:30:00,2024-10-24 14:00:00,Geneva
Edinburgh,EASYJET,arrival,0,2024-10-24 14:00:00,2024-10-24 14:00:00,Geneva
Nantes,EASYJET,arrival,10,2024-10-24 14:20:00,2024-10-24 14:10:00,Geneva
Heraklion,SWISS,arrival,-18,2024-10-24 14:27:00,2024-10-24 14:45:00,Geneva
Ajaccio,EASYJET,arrival,0,2024-10-24 14:40:00,2024-10-24 14:40:00,Geneva
Budapest,EASYJET,arrival,0,2024-10-24 14:40:00,2024-10-24 14:40:00,Geneva
Tunis,NOUVELAIR TUNISIE,arrival,3,2024-10-24 14:33:00,2024-10-24 14:30:00,Geneva
Barcelona,EASYJET,arrival,0,2024-10-24 14:30:00,2024-10-24 14:30:00,Geneva
Olbia,EASYJET,arrival,0,2024-10-24 15:15:00,2024-10-24 15:15:00,Geneva
Alicante,EASYJET,arrival,0,2024-10-24 15:10:00,2024-10-24 15:10:00,Geneva
Malaga,EASYJET,arrival,-10,2024-10-24 14:50:00,2024-10-24 15:00:00,Geneva
Enfidha,EASYJET,arrival,0,2024-10-24 14:50:00,2024-10-24 14:50:00,Geneva
Nice,EASYJET,arrival,-16,2024-10-24 12:24:00,2024-10-24 12:40:00,Geneva
Porto,EASYJET,arrival,-15,2024-10-24 12:35:00,2024-10-24 12:50:00,Geneva
Santorin,EASYJET,arrival,-31,2024-10-24 12:39:00,2024-10-24 13:10:00,Geneva
Amsterdam,EASYJET,arrival,0,2024-10-24 17:50:00,2024-10-24 17:50:00,Geneva
Porto,EASYJET,arrival,32,2024-10-24 16:07:00,2024-10-24 15:35:00,Geneva
Lisbon,EASYJET,arrival,-1,2024-10-24 15:34:00,2024-10-24 15:35:00,Geneva
Ibiza,EASYJET,arrival,-13,2024-10-24 15:32:00,2024-10-24 15:45:00,Geneva
Larnaca,SWISS,arrival,-12,2024-10-24 15:43:00,2024-10-24 15:55:00,Geneva
Barcelona,EASYJET,arrival,-15,2024-10-24 15:45:00,2024-10-24 16:00:00,Geneva
London,EASYJET,arrival,38,2024-10-24 16:53:00,2024-10-24 16:15:00,Geneva
Bristol,EASYJET,arrival,24,2024-10-24 16:39:00,2024-10-24 16:15:00,Geneva
Manchester,EASYJET,arrival,-15,2024-10-24 16:05:00,2024-10-24 16:20:00,Geneva
Porto,EASYJET,arrival,0,2024-10-24 17:45:00,2024-10-24 17:45:00,Geneva
Hurghada,EASYJET,arrival,-10,2024-10-24 16:25:00,2024-10-24 16:35:00,Geneva
Seville,EASYJET,arrival,10,2024-10-24 16:50:00,2024-10-24 16:40:00,Geneva
Stockholm,SWISS,arrival,-19,2024-10-24 16:21:00,2024-10-24 16:40:00,Geneva
A Coruna,EASYJET,arrival,2,2024-10-24 16:47:00,2024-10-24 16:45:00,Geneva
London,BRITISH AIRWAYS,arrival,-4,2024-10-24 16:41:00,2024-10-24 16:45:00,Geneva
Palma de Mallorca,EASYJET,arrival,-6,2024-10-24 16:49:00,2024-10-24 16:55:00,Geneva
Frankfurt,LUFTHANSA,arrival,0,2024-10-24 17:15:00,2024-10-24 17:15:00,Geneva
Madrid,IBERIA,arrival,0,2024-10-24 18:05:00,2024-10-24 18:05:00,Geneva
Palermo,EASYJET,arrival,0,2024-10-24 18:10:00,2024-10-24 18:10:00,Geneva
Nice,EASYJET,arrival,0,2024-10-24 18:10:00,2024-10-24 18:10:00,Geneva
Agadir,EASYJET,arrival,-14,2024-10-24 20:46:00,2024-10-24 21:00:00,Geneva
Luxembourg,LUXAIR,arrival,0,2024-10-24 20:45:00,2024-10-24 20:45:00,Geneva
Bordeaux,EASYJET,arrival,-1,2024-10-24 18:19:00,2024-10-24 18:20:00,Geneva
Nantes,EASYJET,arrival,21,2024-10-24 19:21:00,2024-10-24 19:00:00,Geneva
Toulouse,EASYJET,arrival,31,2024-10-24 19:36:00,2024-10-24 19:05:00,Geneva
Barcelona,EASYJET,arrival,-9,2024-10-24 19:56:00,2024-10-24 20:05:00,Geneva
Amsterdam,EASYJET,arrival,0,2024-10-24 20:15:00,2024-10-24 20:15:00,Geneva
Lisbon,EASYJET,arrival,31,2024-10-24 20:46:00,2024-10-24 20:15:00,Geneva
Faro,SWISS,arrival,-14,2024-10-24 20:01:00,2024-10-24 20:15:00,Geneva
Naples,EASYJET,arrival,3,2024-10-24 20:23:00,2024-10-24 20:20:00,Geneva
Brussels,BRUSSELS AIRLINES,arrival,0,2024-10-24 20:25:00,2024-10-24 20:25:00,Geneva
Prague,EUROWINGS,arrival,10,2024-10-24 19:45:00,2024-10-24 19:35:00,Geneva
Brussels,EASYJET,arrival,23,2024-10-24 23:08:00,2024-10-24 22:45:00,Geneva
Porto,SWISS,arrival,-4,2024-10-24 21:21:00,2024-10-24 21:25:00,Geneva
Brindisi,EASYJET,arrival,56,2024-10-24 23:46:00,2024-10-24 22:50:00,Geneva
Ibiza,EASYJET,arrival,31,2024-10-24 23:31:00,2024-10-24 23:00:00,Geneva
Alicante,EASYJET,arrival,24,2024-10-24 23:24:00,2024-10-24 23:00:00,Geneva
Tenerife,EASYJET,arrival,4,2024-10-24 22:44:00,2024-10-24 22:40:00,Geneva
Edinburgh,EASYJET,arrival,-12,2024-10-24 22:23:00,2024-10-24 22:35:00,Geneva
Tirana,EASYJET,arrival,-14,2024-10-24 22:21:00,2024-10-24 22:35:00,Geneva
Nantes,EASYJET,arrival,7,2024-10-24 22:37:00,2024-10-24 22:30:00,Geneva
Copenhagen,EASYJET,arrival,9,2024-10-24 22:29:00,2024-10-24 22:20:00,Geneva
Oslo,SWISS,arrival,-23,2024-10-24 21:27:00,2024-10-24 21:50:00,Geneva
Brussels,SWISS,arrival,-22,2024-10-24 21:23:00,2024-10-24 21:45:00,Geneva
Paris,EASYJET,arrival,0,2024-10-25 09:05:00,2024-10-25 09:05:00,Geneva
London,EASYJET,arrival,0,2024-10-25 09:05:00,2024-10-25 09:05:00,Geneva
Alicante,EASYJET,arrival,-10,2024-10-25 08:55:00,2024-10-25 09:05:00,Geneva
Barcelona,VUELING,arrival,0,2024-10-25 08:55:00,2024-10-25 08:55:00,Geneva
Naples,EASYJET,arrival,-5,2024-10-25 08:40:00,2024-10-25 08:45:00,Geneva
London,BRITISH AIRWAYS,arrival,0,2024-10-25 09:10:00,2024-10-25 09:10:00,Geneva
Venice,EASYJET,arrival,-13,2024-10-25 08:02:00,2024-10-25 08:15:00,Geneva
Doha,QATAR AIRWAYS,arrival,8,2024-10-25 07:43:00,2024-10-25 07:35:00,Geneva
Nice,EASYJET,arrival,0,2024-10-25 09:15:00,2024-10-25 09:15:00,Geneva
Lisbon,EASYJET,arrival,-24,2024-10-25 10:06:00,2024-10-25 10:30:00,Geneva
Copenhagen,SAS SCANDINAVIAN AIRLINES,arrival,-11,2024-10-25 10:14:00,2024-10-25 10:25:00,Geneva
Rome,EASYJET,arrival,2,2024-10-25 10:22:00,2024-10-25 10:20:00,Geneva
Edinburgh,EASYJET,arrival,-15,2024-10-25 10:00:00,2024-10-25 10:15:00,Geneva
Nantes,EASYJET,arrival,11,2024-10-25 10:26:00,2024-10-25 10:15:00,Geneva
Berlin,EASYJET,arrival,-20,2024-10-25 09:50:00,2024-10-25 10:10:00,Geneva
London,EASYJET,arrival,17,2024-10-25 10:27:00,2024-10-25 10:10:00,Geneva
Faro,EASYJET,arrival,-30,2024-10-25 09:15:00,2024-10-25 09:45:00,Geneva
Porto,EASYJET,arrival,9,2024-10-25 09:39:00,2024-10-25 09:30:00,Geneva
Istanbul,TURKISH AIRLINES,arrival,-20,2024-10-25 09:10:00,2024-10-25 09:30:00,Geneva
Brussels,EASYJET,arrival,1,2024-10-25 09:26:00,2024-10-25 09:25:00,Geneva
Rome,ITA AIRWAYS,arrival,6,2024-10-25 10:46:00,2024-10-25 10:40:00,Geneva
London,BRITISH AIRWAYS,arrival,-8,2024-10-25 10:37:00,2024-10-25 10:45:00,Geneva
Thessaloniki,SWISS,arrival,0,2024-10-25 12:20:00,2024-10-25 12:20:00,Geneva
London,BRITISH AIRWAYS,arrival,0,2024-10-25 12:15:00,2024-10-25 12:15:00,Geneva
Alicante,SWISS,arrival,-9,2024-10-25 11:51:00,2024-10-25 12:00:00,Geneva
Seville,EASYJET,arrival,0,2024-10-25 12:00:00,2024-10-25 12:00:00,Geneva
Manchester,EASYJET,arrival,0,2024-10-25 11:55:00,2024-10-25 11:55:00,Geneva
Brindisi,SWISS,arrival,0,2024-10-25 11:25:00,2024-10-25 11:25:00,Geneva
Valencia,SWISS,arrival,-2,2024-10-25 11:18:00,2024-10-25 11:20:00,Geneva
Porto,EASYJET,arrival,12,2024-10-25 11:27:00,2024-10-25 11:15:00,Geneva
Athens,AEGEAN AIRLINES,arrival,-14,2024-10-25 10:46:00,2024-10-25 11:00:00,Geneva
Catania,EASYJET,arrival,-15,2024-10-25 10:40:00,2024-10-25 10:55:00,Geneva
Toulouse,EASYJET,arrival,1,2024-10-25 10:51:00,2024-10-25 10:50:00,Geneva
Doha,QATAR AIRWAYS,departure,0,2024-10-25 09:25:00,2024-10-25 09:25:00,Geneva
Birmingham,EASYJET,departure,0,2024-10-25 10:55:00,2024-10-25 10:55:00,Geneva
Munich,AIR DOLOMITI,departure,55,2024-10-25 10:25:00,2024-10-25 09:30:00,Geneva
Barcelona,VUELING,departure,-7,2024-10-25 09:28:00,2024-10-25 09:35:00,Geneva
Alicante,EASYJET,departure,0,2024-10-25 09:40:00,2024-10-25 09:40:00,Geneva
Nice,EASYJET,departure,0,2024-10-25 09:40:00,2024-10-25 09:40:00,Geneva
Ibiza,EASYJET,departure,-10,2024-10-25 09:40:00,2024-10-25 09:50:00,Geneva
Madrid,IBERIA,departure,0,2024-10-25 09:50:00,2024-10-25 09:50:00,Geneva
London,EASYJET,departure,0,2024-10-25 09:50:00,2024-10-25 09:50:00,Geneva
Barcelona,EASYJET,departure,0,2024-10-25 09:55:00,2024-10-25 09:55:00,Geneva
Zurich,SWISS,departure,0,2024-10-25 10:00:00,2024-10-25 10:00:00,Geneva
Porto,EASYJET,departure,20,2024-10-25 10:25:00,2024-10-25 10:05:00,Geneva
Budapest,EASYJET,departure,5,2024-10-25 10:15:00,2024-10-25 10:10:00,Geneva
Faro,EASYJET,departure,0,2024-10-25 10:20:00,2024-10-25 10:20:00,Geneva
Istanbul,TURKISH AIRLINES,departure,0,2024-10-25 10:25:00,2024-10-25 10:25:00,Geneva
Warsaw,LOT POLISH AIRLINES,departure,0,2024-10-25 10:25:00,2024-10-25 10:25:00,Geneva
Stockholm,SWISS,departure,0,2024-10-25 10:35:00,2024-10-25 10:35:00,Geneva
Abu Dhabi,ETIHAD AIRWAYS,departure,0,2024-10-25 10:40:00,2024-10-25 10:40:00,Geneva
Frankfurt,SWISS,departure,0,2024-10-25 10:45:00,2024-10-25 10:45:00,Geneva
Bordeaux,EASYJET,departure,0,2024-10-25 10:45:00,2024-10-25 10:45:00,Geneva
Zurich,SWISS,departure,0,2024-10-25 10:50:00,2024-10-25 10:50:00,Geneva
London,EASYJET,departure,0,2024-10-25 10:50:00,2024-10-25 10:50:00,Geneva
London,BRITISH AIRWAYS,departure,0,2024-10-25 10:15:00,2024-10-25 10:15:00,Geneva
Washington,UNITED AIRLINES,departure,0,2024-10-25 11:00:00,2024-10-25 11:00:00,Geneva
Copenhagen,SAS SCANDINAVIAN AIRLINES,departure,0,2024-10-25 11:00:00,2024-10-25 11:00:00,Geneva
Zurich,SWISS,departure,0,2024-10-25 11:15:00,2024-10-25 11:15:00,Geneva
Malaga,SWISS,departure,0,2024-10-25 11:15:00,2024-10-25 11:15:00,Geneva
Rome,ITA AIRWAYS,departure,0,2024-10-25 11:35:00,2024-10-25 11:35:00,Geneva
Lille,EASYJET,departure,25,2024-10-25 12:00:00,2024-10-25 11:35:00,Geneva
Brindisi,EASYJET,departure,0,2024-10-25 11:45:00,2024-10-25 11:45:00,Geneva
New York,SWISS,departure,0,2024-10-25 11:45:00,2024-10-25 11:45:00,Geneva
Athens,AEGEAN AIRLINES,departure,0,2024-10-25 11:50:00,2024-10-25 11:50:00,Geneva
London,BRITISH AIRWAYS,departure,0,2024-10-25 11:55:00,2024-10-25 11:55:00,Geneva
Paris,AIR FRANCE,departure,0,2024-10-25 12:00:00,2024-10-25 12:00:00,Geneva
Lisbon,SWISS,departure,0,2024-10-25 12:10:00,2024-10-25 12:10:00,Geneva
Stockholm,EASYJET,departure,0,2024-10-25 12:10:00,2024-10-25 12:10:00,Geneva
Copenhagen,SWISS,departure,0,2024-10-25 12:15:00,2024-10-25 12:15:00,Geneva
Montreal,AIR CANADA,departure,0,2024-10-25 12:15:00,2024-10-25 12:15:00,Geneva
Nice,EASYJET,departure,0,2024-10-25 12:20:00,2024-10-25 12:20:00,Geneva
Lisbon,EASYJET,departure,0,2024-10-25 11:05:00,2024-10-25 11:05:00,Geneva
Edinburgh,EASYJET,departure,0,2024-10-25 11:00:00,2024-10-25 11:00:00,Geneva
Belgrade,EASYJET,departure,0,2024-10-25 11:00:00,2024-10-25 11:00:00,Geneva
Kuwait,KUWAIT AIRWAYS,arrival,0,2024-10-25 14:00:00,2024-10-25 14:00:00,Geneva
Ibiza,EASYJET,arrival,12,2024-10-25 14:12:00,2024-10-25 14:00:00,Geneva
Bordeaux,EASYJET,arrival,0,2024-10-25 13:55:00,2024-10-25 13:55:00,Geneva
Manchester,EASYJET,arrival,13,2024-10-25 14:08:00,2024-10-25 13:55:00,Geneva
Frankfurt,AIR DOLOMITI,arrival,0,2024-10-25 13:25:00,2024-10-25 13:25:00,Geneva
Marrakech,EASYJET,arrival,162,2024-10-25 15:52:00,2024-10-25 13:10:00,Geneva
Pristina,GP AVIATION,arrival,24,2024-10-25 13:29:00,2024-10-25 13:05:00,Geneva
Athens,EASYJET,arrival,75,2024-10-25 13:55:00,2024-10-25 12:40:00,Geneva
Warsaw,LOT POLISH AIRLINES,arrival,-2,2024-10-25 12:38:00,2024-10-25 12:40:00,Geneva
London,BRITISH AIRWAYS,arrival,-13,2024-10-25 13:57:00,2024-10-25 14:10:00,Geneva
Budapest,EASYJET,arrival,4,2024-10-25 14:29:00,2024-10-25 14:25:00,Geneva
Riyadh,SAUDIA,arrival,-14,2024-10-25 14:21:00,2024-10-25 14:35:00,Geneva
Lille,EASYJET,arrival,0,2024-10-25 14:50:00,2024-10-25 14:50:00,Geneva
Bucharest,WIZZ AIR,arrival,-12,2024-10-25 14:38:00,2024-10-25 14:50:00,Geneva
Nice,EASYJET,arrival,0,2024-10-25 14:55:00,2024-10-25 14:55:00,Geneva
Birmingham,EASYJET,arrival,0,2024-10-25 14:55:00,2024-10-25 14:55:00,Geneva
Izmir,SUN EXPRESS,arrival,6,2024-10-25 14:16:00,2024-10-25 14:10:00,Geneva
Porto,EASYJET,arrival,0,2024-10-25 15:20:00,2024-10-25 15:20:00,Geneva
Pristina,EASYJET,departure,0,2024-10-25 13:35:00,2024-10-25 13:35:00,Geneva
Ibiza,EASYJET,departure,30,2024-10-25 14:30:00,2024-10-25 14:00:00,Geneva
Frankfurt,AIR DOLOMITI,departure,40,2024-10-25 14:40:00,2024-10-25 14:00:00,Geneva
Amsterdam,KLM ROYAL DUTCH AIRLINES,departure,20,2024-10-25 14:30:00,2024-10-25 14:10:00,Geneva
Manchester,EASYJET,departure,10,2024-10-25 14:40:00,2024-10-25 14:30:00,Geneva
Istanbul,TURKISH AIRLINES,departure,0,2024-10-25 14:40:00,2024-10-25 14:40:00,Geneva
Hamburg,SWISS,departure,0,2024-10-25 13:45:00,2024-10-25 13:45:00,Geneva
Lisbon,TAP PORTUGAL,departure,10,2024-10-25 13:10:00,2024-10-25 13:00:00,Geneva
London,BRITISH AIRWAYS,departure,65,2024-10-25 14:20:00,2024-10-25 13:15:00,Geneva
Paris,AIR FRANCE,departure,0,2024-10-25 14:40:00,2024-10-25 14:40:00,Geneva
Warsaw,LOT POLISH AIRLINES,departure,0,2024-10-25 13:30:00,2024-10-25 13:30:00,Geneva
Brindisi,EASYJET,departure,0,2024-10-25 13:30:00,2024-10-25 13:30:00,Geneva
Palma de Mallorca,SWISS,departure,0,2024-10-25 13:20:00,2024-10-25 13:20:00,Geneva
Beijing,AIR CHINA,departure,-5,2024-10-25 13:15:00,2024-10-25 13:20:00,Geneva
Santiago de Compostela,EASYJET,departure,0,2024-10-25 12:25:00,2024-10-25 12:25:00,Geneva
Porto,SWISS,departure,0,2024-10-25 12:25:00,2024-10-25 12:25:00,Geneva
Prague,EASYJET,departure,0,2024-10-25 12:30:00,2024-10-25 12:30:00,Geneva
Alicante,EASYJET,departure,20,2024-10-25 13:05:00,2024-10-25 12:45:00,Geneva
New York,DELTA AIR LINES,departure,45,2024-10-25 13:30:00,2024-10-25 12:45:00,Geneva
Copenhagen,EASYJET,departure,30,2024-10-25 13:20:00,2024-10-25 12:50:00,Geneva
London,SWISS,departure,10,2024-10-25 13:05:00,2024-10-25 12:55:00,Geneva
Cairo,EGYPTAIR,departure,0,2024-10-25 15:00:00,2024-10-25 15:00:00,Geneva
Barcelona,EASYJET,departure,0,2024-10-25 15:00:00,2024-10-25 15:00:00,Geneva
Zurich,SWISS,departure,0,2024-10-25 15:00:00,2024-10-25 15:00:00,Geneva
Izmir,SUN EXPRESS,departure,0,2024-10-25 15:05:00,2024-10-25 15:05:00,Geneva
Kuwait,KUWAIT AIRWAYS,departure,0,2024-10-25 15:15:00,2024-10-25 15:15:00,Geneva
Dubai,EMIRATES,departure,0,2024-10-25 15:15:00,2024-10-25 15:15:00,Geneva
Chania,EASYJET,departure,70,2024-10-25 16:20:00,2024-10-25 15:10:00,Geneva
London,BRITISH AIRWAYS,departure,0,2024-10-25 15:10:00,2024-10-25 15:10:00,Geneva
London,BRITISH AIRWAYS,arrival,7,2024-10-25 16:17:00,2024-10-25 16:10:00,Geneva
Naples,EASYJET,arrival,27,2024-10-25 15:52:00,2024-10-25 15:25:00,Geneva
Belgrade,EASYJET,arrival,2,2024-10-25 15:37:00,2024-10-25 15:35:00,Geneva
Amsterdam,EASYJET,arrival,20,2024-10-25 16:15:00,2024-10-25 15:55:00,Geneva
Antalya,SUN EXPRESS,arrival,-20,2024-10-25 15:40:00,2024-10-25 16:00:00,Geneva
Gran Canaria,EASYJET,arrival,-23,2024-10-25 15:42:00,2024-10-25 16:05:00,Geneva
Prague,EASYJET,arrival,-4,2024-10-25 16:06:00,2024-10-25 16:10:00,Geneva
London,EASYJET,arrival,78,2024-10-25 17:28:00,2024-10-25 16:10:00,Geneva
Palma de Mallorca,EASYJET,arrival,-19,2024-10-25 16:26:00,2024-10-25 16:45:00,Geneva
Brindisi,EASYJET,arrival,-12,2024-10-25 16:03:00,2024-10-25 16:15:00,Geneva
Algiers,AIR ALGERIE,arrival,15,2024-10-25 16:45:00,2024-10-25 16:30:00,Geneva
Luxembourg,LUXAIR,arrival,2,2024-10-25 16:37:00,2024-10-25 16:35:00,Geneva
Malaga,SWISS,arrival,-3,2024-10-25 16:47:00,2024-10-25 16:50:00,Geneva
Stockholm,SWISS,arrival,-1,2024-10-25 16:49:00,2024-10-25 16:50:00,Geneva
Ibiza,EASYJET,arrival,0,2024-10-25 18:15:00,2024-10-25 18:15:00,Geneva
Stockholm,EASYJET,arrival,-10,2024-10-25 18:05:00,2024-10-25 18:15:00,Geneva
Hamburg,SWISS,arrival,0,2024-10-25 18:05:00,2024-10-25 18:05:00,Geneva
Brindisi,EASYJET,arrival,-11,2024-10-25 17:49:00,2024-10-25 18:00:00,Geneva
Lisbon,SWISS,arrival,-7,2024-10-25 17:48:00,2024-10-25 17:55:00,Geneva
Istanbul,TURKISH AIRLINES,arrival,-26,2024-10-25 17:14:00,2024-10-25 17:40:00,Geneva
Palma de Mallorca,SWISS,arrival,0,2024-10-25 17:30:00,2024-10-25 17:30:00,Geneva
Alicante,EASYJET,arrival,0,2024-10-25 17:25:00,2024-10-25 17:25:00,Geneva
Copenhagen,EASYJET,arrival,0,2024-10-25 17:25:00,2024-10-25 17:25:00,Geneva
Santiago de Compostela,EASYJET,arrival,-8,2024-10-25 17:12:00,2024-10-25 17:20:00,Geneva
Manchester,EASYJET,arrival,0,2024-10-25 17:05:00,2024-10-25 17:05:00,Geneva
Tunis,TUNISAIR,arrival,0,2024-10-25 17:00:00,2024-10-25 17:00:00,Geneva
Bristol,EASYJET,arrival,0,2024-10-25 17:35:00,2024-10-25 17:35:00,Geneva
Skopje,EASYJET,departure,0,2024-10-25 16:55:00,2024-10-25 16:55:00,Geneva
Paris,AIR FRANCE,departure,0,2024-10-25 17:00:00,2024-10-25 17:00:00,Geneva
Athens,SWISS,departure,0,2024-10-25 17:05:00,2024-10-25 17:05:00,Geneva
Barcelona,EASYJET,departure,0,2024-10-25 17:10:00,2024-10-25 17:10:00,Geneva
London,BRITISH AIRWAYS,departure,0,2024-10-25 17:10:00,2024-10-25 17:10:00,Geneva
Amsterdam,KLM ROYAL DUTCH AIRLINES,departure,25,2024-10-25 17:40:00,2024-10-25 17:15:00,Geneva
Lisbon,EASYJET,departure,0,2024-10-25 17:15:00,2024-10-25 17:15:00,Geneva
Luxembourg,LUXAIR,departure,0,2024-10-25 17:15:00,2024-10-25 17:15:00,Geneva
Munich,AIR DOLOMITI,departure,0,2024-10-25 17:20:00,2024-10-25 17:20:00,Geneva
Antalya,SUN EXPRESS,departure,0,2024-10-25 16:55:00,2024-10-25 16:55:00,Geneva
Porto,EASYJET,departure,0,2024-10-25 17:25:00,2024-10-25 17:25:00,Geneva
Dublin,AER LINGUS,departure,0,2024-10-25 17:10:00,2024-10-25 17:10:00,Geneva
Marrakech,EASYJET,departure,15,2024-10-25 16:10:00,2024-10-25 15:55:00,Geneva
Amsterdam,EASYJET,departure,25,2024-10-25 16:55:00,2024-10-25 16:30:00,Geneva
Nice,EASYJET,departure,0,2024-10-25 16:20:00,2024-10-25 16:20:00,Geneva
Riyadh,SAUDIA,departure,10,2024-10-25 16:10:00,2024-10-25 16:00:00,Geneva
Naples,EASYJET,departure,30,2024-10-25 16:30:00,2024-10-25 16:00:00,Geneva
Porto,EASYJET,departure,35,2024-10-25 16:30:00,2024-10-25 15:55:00,Geneva
London,SWISS,departure,0,2024-10-25 15:50:00,2024-10-25 15:50:00,Geneva
Bordeaux,EASYJET,departure,30,2024-10-25 16:15:00,2024-10-25 15:45:00,Geneva
Malaga,EASYJET,departure,20,2024-10-25 16:00:00,2024-10-25 15:40:00,Geneva
London,EASYJET,departure,65,2024-10-25 16:45:00,2024-10-25 15:40:00,Geneva
Bucharest,WIZZ AIR,departure,0,2024-10-25 15:35:00,2024-10-25 15:35:00,Geneva
Brussels,EASYJET,departure,0,2024-10-25 15:25:00,2024-10-25 15:25:00,Geneva
Algiers,AIR ALGERIE,departure,0,2024-10-25 17:30:00,2024-10-25 17:30:00,Geneva
London,EASYJET,departure,75,2024-10-25 18:00:00,2024-10-25 16:45:00,Geneva
Palma de Mallorca,EASYJET,departure,0,2024-10-25 17:30:00,2024-10-25 17:30:00,Geneva
Porto,SWISS,departure,0,2024-10-25 17:45:00,2024-10-25 17:45:00,Geneva
Manchester,EASYJET,departure,0,2024-10-25 17:45:00,2024-10-25 17:45:00,Geneva
Biarritz,SWISS,departure,0,2024-10-25 18:20:00,2024-10-25 18:20:00,Geneva
Vienna,SWISS,departure,0,2024-10-25 17:50:00,2024-10-25 17:50:00,Geneva
Dublin,SWISS,departure,0,2024-10-25 17:50:00,2024-10-25 17:50:00,Geneva
Frankfurt,AIR DOLOMITI,departure,0,2024-10-25 17:55:00,2024-10-25 17:55:00,Geneva
Toulouse,EASYJET,departure,0,2024-10-25 17:55:00,2024-10-25 17:55:00,Geneva
Casablanca,ROYAL AIR MAROC,departure,0,2024-10-25 17:55:00,2024-10-25 17:55:00,Geneva
Valencia,EASYJET,departure,0,2024-10-25 18:00:00,2024-10-25 18:00:00,Geneva
Bristol,EASYJET,departure,0,2024-10-25 18:10:00,2024-10-25 18:10:00,Geneva
Copenhagen,EASYJET,departure,0,2024-10-25 18:20:00,2024-10-25 18:20:00,Geneva
Tunis,TUNISAIR,departure,0,2024-10-25 18:00:00,2024-10-25 18:00:00,Geneva
Brussels,BRUSSELS AIRLINES,arrival,0,2024-10-25 20:30:00,2024-10-25 20:30:00,Geneva
Barcelona,EASYJET,arrival,3,2024-10-25 20:23:00,2024-10-25 20:20:00,Geneva
London,BRITISH AIRWAYS,arrival,0,2024-10-25 20:35:00,2024-10-25 20:35:00,Geneva
Toulouse,EASYJET,arrival,0,2024-10-25 21:00:00,2024-10-25 21:00:00,Geneva
Edinburgh,EASYJET,arrival,0,2024-10-25 20:20:00,2024-10-25 20:20:00,Geneva
Luxembourg,LUXAIR,arrival,13,2024-10-25 19:28:00,2024-10-25 19:15:00,Geneva
Barcelona,VUELING,arrival,-15,2024-10-25 19:20:00,2024-10-25 19:35:00,Geneva
London,EASYJET,arrival,0,2024-10-25 19:35:00,2024-10-25 19:35:00,Geneva
Athens,AEGEAN AIRLINES,arrival,1,2024-10-25 19:31:00,2024-10-25 19:30:00,Geneva
Prague,EUROWINGS,arrival,19,2024-10-25 19:44:00,2024-10-25 19:25:00,Geneva
Maurice,AIR MAURITIUS,arrival,-61,2024-10-25 18:19:00,2024-10-25 19:20:00,Geneva
Palma de Mallorca,EASYJET,arrival,0,2024-10-25 20:00:00,2024-10-25 20:00:00,Geneva
Nice,EASYJET,arrival,11,2024-10-25 19:11:00,2024-10-25 19:00:00,Geneva
Brussels,EASYJET,arrival,-6,2024-10-25 18:24:00,2024-10-25 18:30:00,Geneva
Barcelona,EASYJET,arrival,-2,2024-10-25 18:38:00,2024-10-25 18:40:00,Geneva
Bordeaux,EASYJET,arrival,13,2024-10-25 19:13:00,2024-10-25 19:00:00,Geneva
Pristina,EASYJET,arrival,105,2024-10-25 20:40:00,2024-10-25 18:55:00,Geneva
Palma de Mallorca,EASYJET,departure,0,2024-10-25 20:40:00,2024-10-25 20:40:00,Geneva
Prague,EUROWINGS,departure,10,2024-10-25 20:15:00,2024-10-25 20:05:00,Geneva
Copenhagen,SAS SCANDINAVIAN AIRLINES,departure,0,2024-10-25 20:10:00,2024-10-25 20:10:00,Geneva
Zurich,SWISS,departure,0,2024-10-25 20:10:00,2024-10-25 20:10:00,Geneva
Barcelona,VUELING,departure,0,2024-10-25 20:15:00,2024-10-25 20:15:00,Geneva
Athens,AEGEAN AIRLINES,departure,0,2024-10-25 20:20:00,2024-10-25 20:20:00,Geneva
Paris,AIR FRANCE,departure,0,2024-10-25 20:40:00,2024-10-25 20:40:00,Geneva
London,EASYJET,departure,10,2024-10-25 21:05:00,2024-10-25 20:55:00,Geneva
Edinburgh,EASYJET,departure,0,2024-10-25 20:55:00,2024-10-25 20:55:00,Geneva
Barcelona,EASYJET,departure,0,2024-10-25 20:55:00,2024-10-25 20:55:00,Geneva
Lisbon,EASYJET,departure,0,2024-10-25 21:00:00,2024-10-25 21:00:00,Geneva
Maurice,AIR MAURITIUS,departure,0,2024-10-25 21:10:00,2024-10-25 21:10:00,Geneva
Luxembourg,LUXAIR,departure,0,2024-10-25 19:55:00,2024-10-25 19:55:00,Geneva
Bordeaux,EASYJET,departure,95,2024-10-25 21:15:00,2024-10-25 19:40:00,Geneva
Warsaw,LOT POLISH AIRLINES,departure,0,2024-10-25 19:45:00,2024-10-25 19:45:00,Geneva
Catania,SWISS,departure,10,2024-10-25 18:35:00,2024-10-25 18:25:00,Geneva
Frankfurt,SWISS,departure,0,2024-10-25 18:45:00,2024-10-25 18:45:00,Geneva
Zurich,SWISS,departure,0,2024-10-25 18:50:00,2024-10-25 18:50:00,Geneva
Rome,EASYJET,departure,50,2024-10-25 19:40:00,2024-10-25 18:50:00,Geneva
Nantes,EASYJET,departure,0,2024-10-25 18:55:00,2024-10-25 18:55:00,Geneva
Helsinki,FINNAIR,departure,0,2024-10-25 18:55:00,2024-10-25 18:55:00,Geneva
Istanbul,TURKISH AIRLINES,departure,0,2024-10-25 19:05:00,2024-10-25 19:05:00,Geneva
Vienna,AUSTRIAN,departure,5,2024-10-25 19:55:00,2024-10-25 19:50:00,Geneva
London,EASYJET,departure,0,2024-10-25 19:05:00,2024-10-25 19:05:00,Geneva
Nice,SWISS,departure,0,2024-10-25 19:10:00,2024-10-25 19:10:00,Geneva
Brussels,BRUSSELS AIRLINES,departure,5,2024-10-25 19:15:00,2024-10-25 19:10:00,Geneva
Amsterdam,KLM ROYAL DUTCH AIRLINES,departure,0,2024-10-25 19:15:00,2024-10-25 19:15:00,Geneva
Amsterdam,EASYJET,departure,5,2024-10-25 19:20:00,2024-10-25 19:15:00,Geneva
Frankfurt,LUFTHANSA,departure,0,2024-10-25 19:30:00,2024-10-25 19:30:00,Geneva
Porto,EASYJET,departure,15,2024-10-25 21:30:00,2024-10-25 21:15:00,Geneva
Brussels,EASYJET,departure,15,2024-10-25 19:55:00,2024-10-25 19:40:00,Geneva
Olbia,EASYJET,departure,0,2024-10-25 19:10:00,2024-10-25 19:10:00,Geneva
Dubai,EMIRATES,departure,0,2024-10-25 21:20:00,2024-10-25 21:20:00,Geneva
London,BRITISH AIRWAYS,departure,0,2024-10-25 21:25:00,2024-10-25 21:25:00,Geneva
Nice,SWISS,arrival,50,2024-10-25 22:50:00,2024-10-25 22:00:00,Geneva
Biarritz,SWISS,arrival,14,2024-10-25 21:59:00,2024-10-25 21:45:00,Geneva
Chania,EASYJET,arrival,109,2024-10-25 23:59:00,2024-10-25 22:10:00,Geneva
Marrakech,EASYJET,arrival,-4,2024-10-25 22:56:00,2024-10-25 23:00:00,Geneva
Catania,SWISS,arrival,-8,2024-10-25 23:17:00,2024-10-25 23:25:00,Geneva
Porto,SWISS,arrival,12,2024-10-25 23:17:00,2024-10-25 23:05:00,Geneva
Paris,EASYJET,arrival,7,2024-10-25 22:27:00,2024-10-25 22:20:00,Geneva
Valencia,EASYJET,arrival,80,2024-10-25 23:40:00,2024-10-25 22:20:00,Geneva
Skopje,EASYJET,arrival,-25,2024-10-25 22:05:00,2024-10-25 22:30:00,Geneva
Rome,EASYJET,arrival,0,2024-10-25 22:30:00,2024-10-25 22:30:00,Geneva
Olbia,EASYJET,arrival,-15,2024-10-25 22:20:00,2024-10-25 22:35:00,Geneva
London,BRITISH AIRWAYS,arrival,23,2024-10-25 23:03:00,2024-10-25 22:40:00,Geneva
Bordeaux,EASYJET,arrival,0,2024-10-25 22:45:00,2024-10-25 22:45:00,Geneva
Amsterdam,EASYJET,arrival,0,2024-10-25 22:50:00,2024-10-25 22:50:00,Geneva
London,EASYJET,arrival,-6,2024-10-25 22:49:00,2024-10-25 22:55:00,Geneva
Dublin,SWISS,arrival,-13,2024-10-25 22:42:00,2024-10-25 22:55:00,Geneva
Brussels,EASYJET,arrival,1,2024-10-25 23:01:00,2024-10-25 23:00:00,Geneva
Copenhagen,EASYJET,arrival,0,2024-10-25 23:00:00,2024-10-25 23:00:00,Geneva
Brussels,EASYJET,arrival,0,2024-10-26 09:00:00,2024-10-26 09:00:00,Geneva
Istanbul,TURKISH AIRLINES,arrival,-20,2024-10-26 08:40:00,2024-10-26 09:00:00,Geneva
Munich,AIR DOLOMITI,arrival,0,2024-10-26 08:55:00,2024-10-26 08:55:00,Geneva
Frankfurt,LUFTHANSA,arrival,0,2024-10-26 08:35:00,2024-10-26 08:35:00,Geneva
Zurich,SWISS,arrival,0,2024-10-26 08:30:00,2024-10-26 08:30:00,Geneva
Amsterdam,KLM ROYAL DUTCH AIRLINES,arrival,12,2024-10-26 08:32:00,2024-10-26 08:20:00,Geneva
Nice,EASYJET,arrival,0,2024-10-26 09:05:00,2024-10-26 09:05:00,Geneva
Paris,AIR FRANCE,arrival,0,2024-10-26 08:20:00,2024-10-26 08:20:00,Geneva
Abu Dhabi,ETIHAD AIRWAYS,arrival,7,2024-10-26 08:02:00,2024-10-26 07:55:00,Geneva
Sofia,WIZZ AIR,arrival,-15,2024-10-26 07:30:00,2024-10-26 07:45:00,Geneva
Washington,UNITED AIRLINES,arrival,-25,2024-10-26 07:15:00,2024-10-26 07:40:00,Geneva
New York,UNITED AIRLINES,arrival,-40,2024-10-26 06:50:00,2024-10-26 07:30:00,Geneva
Beijing,AIR CHINA,arrival,0,2024-10-26 07:30:00,2024-10-26 07:30:00,Geneva
Addis Ababa,ETHIOPIAN AIRLINES,arrival,-8,2024-10-26 06:22:00,2024-10-26 06:30:00,Geneva
Barcelona,VUELING,arrival,-16,2024-10-26 07:44:00,2024-10-26 08:00:00,Geneva
New York,SWISS,arrival,-35,2024-10-26 08:40:00,2024-10-26 09:15:00,Geneva
Bristol,EASYJET,arrival,0,2024-10-26 09:15:00,2024-10-26 09:15:00,Geneva
Bordeaux,EASYJET,arrival,0,2024-10-26 09:25:00,2024-10-26 09:25:00,Geneva
Barcelona,EASYJET,arrival,0,2024-10-26 09:20:00,2024-10-26 09:20:00,Geneva
Nantes,EASYJET,arrival,0,2024-10-26 09:35:00,2024-10-26 09:35:00,Geneva
Dublin,AER LINGUS,arrival,-6,2024-10-26 09:24:00,2024-10-26 09:30:00,Geneva
Lisbon,EASYJET,arrival,128,2024-10-26 11:53:00,2024-10-26 09:45:00,Geneva
Porto,EASYJET,arrival,-13,2024-10-26 09:27:00,2024-10-26 09:40:00,Geneva
Berlin,EASYJET,arrival,-23,2024-10-26 10:42:00,2024-10-26 11:05:00,Geneva
Paris,AIR FRANCE,arrival,0,2024-10-26 11:10:00,2024-10-26 11:10:00,Geneva
Amsterdam,KLM ROYAL DUTCH AIRLINES,arrival,-3,2024-10-26 11:07:00,2024-10-26 11:10:00,Geneva
Naples,EASYJET,arrival,-7,2024-10-26 11:08:00,2024-10-26 11:15:00,Geneva
Santiago de Compostela,EASYJET,arrival,32,2024-10-26 11:52:00,2024-10-26 11:20:00,Geneva
Palma de Mallorca,SWISS,arrival,0,2024-10-26 11:20:00,2024-10-26 11:20:00,Geneva
Pristina,EASYJET,arrival,12,2024-10-26 11:47:00,2024-10-26 11:35:00,Geneva
London,SWISS,arrival,0,2024-10-26 11:35:00,2024-10-26 11:35:00,Geneva
Bari,EASYJET,arrival,-20,2024-10-26 11:20:00,2024-10-26 11:40:00,Geneva
London,BRITISH AIRWAYS,arrival,0,2024-10-26 11:40:00,2024-10-26 11:40:00,Geneva
Porto,EASYJET,arrival,0,2024-10-26 12:05:00,2024-10-26 12:05:00,Geneva
Lisbon,TAP PORTUGAL,arrival,0,2024-10-26 12:10:00,2024-10-26 12:10:00,Geneva
Pristina,SWISS,arrival,0,2024-10-26 12:15:00,2024-10-26 12:15:00,Geneva
Porto,EASYJET,arrival,-8,2024-10-26 10:52:00,2024-10-26 11:00:00,Geneva
Figari,EASYJET,arrival,-6,2024-10-26 10:44:00,2024-10-26 10:50:00,Geneva
Warsaw,LOT POLISH AIRLINES,arrival,-8,2024-10-26 09:37:00,2024-10-26 09:45:00,Geneva
Montreal,AIR CANADA,arrival,-43,2024-10-26 09:07:00,2024-10-26 09:50:00,Geneva
Manchester,EASYJET,arrival,31,2024-10-26 10:26:00,2024-10-26 09:55:00,Geneva
Catania,EASYJET,arrival,0,2024-10-26 12:15:00,2024-10-26 12:15:00,Geneva
Brussels,SWISS,arrival,-2,2024-10-26 10:03:00,2024-10-26 10:05:00,Geneva
Djerba,TUNISAIR,arrival,-4,2024-10-26 10:21:00,2024-10-26 10:25:00,Geneva
Athens,AEGEAN AIRLINES,arrival,-11,2024-10-26 10:19:00,2024-10-26 10:30:00,Geneva
Beirut,MEA MIDDLE EAST AIRLINES,arrival,-30,2024-10-26 10:05:00,2024-10-26 10:35:00,Geneva
Alicante,EASYJET,arrival,2,2024-10-26 10:42:00,2024-10-26 10:40:00,Geneva
New York,DELTA AIR LINES,arrival,-37,2024-10-26 10:08:00,2024-10-26 10:45:00,Geneva
Frankfurt,SWISS,arrival,5,2024-10-26 10:10:00,2024-10-26 10:05:00,Geneva
Paris,EASYJET,arrival,-9,2024-10-26 10:01:00,2024-10-26 10:10:00,Geneva
Naples,EASYJET,arrival,0,2024-10-26 15:20:00,2024-10-26 15:20:00,Geneva
Split,EASYJET,arrival,0,2024-10-26 15:15:00,2024-10-26 15:15:00,Geneva
Frankfurt,SWISS,arrival,0,2024-10-26 14:05:00,2024-10-26 14:05:00,Geneva
Amsterdam,EASYJET,arrival,0,2024-10-26 15:05:00,2024-10-26 15:05:00,Geneva
Amsterdam,KLM ROYAL DUTCH AIRLINES,arrival,25,2024-10-26 14:00:00,2024-10-26 13:35:00,Geneva
London,EASYJET,arrival,9,2024-10-26 13:49:00,2024-10-26 13:40:00,Geneva
Istanbul,TURKISH AIRLINES,arrival,10,2024-10-26 13:55:00,2024-10-26 13:45:00,Geneva
Paris,AIR FRANCE,arrival,5,2024-10-26 13:55:00,2024-10-26 13:50:00,Geneva
Mykonos,SWISS,arrival,-29,2024-10-26 13:21:00,2024-10-26 13:50:00,Geneva
Zurich,SWISS,arrival,0,2024-10-26 13:55:00,2024-10-26 13:55:00,Geneva
Bilbao,EASYJET,arrival,5,2024-10-26 14:00:00,2024-10-26 13:55:00,Geneva
Cairo,EGYPTAIR,arrival,14,2024-10-26 14:14:00,2024-10-26 14:00:00,Geneva
Marrakech,EASYJET,arrival,-5,2024-10-26 14:00:00,2024-10-26 14:05:00,Geneva
Manchester,EASYJET,arrival,2,2024-10-26 14:07:00,2024-10-26 14:05:00,Geneva
Malaga,EASYJET,arrival,0,2024-10-26 15:05:00,2024-10-26 15:05:00,Geneva
Toulouse,EASYJET,arrival,0,2024-10-26 14:10:00,2024-10-26 14:10:00,Geneva
Copenhagen,EASYJET,arrival,13,2024-10-26 14:28:00,2024-10-26 14:15:00,Geneva
Edinburgh,EASYJET,arrival,-6,2024-10-26 14:14:00,2024-10-26 14:20:00,Geneva
Doha,QATAR AIRWAYS,arrival,-2,2024-10-26 14:18:00,2024-10-26 14:20:00,Geneva
Amman,ROYAL JORDANIAN,arrival,-23,2024-10-26 14:12:00,2024-10-26 14:35:00,Geneva
Jeddah,SAUDIA,arrival,-23,2024-10-26 14:12:00,2024-10-26 14:35:00,Geneva
Porto,EASYJET,arrival,0,2024-10-26 14:35:00,2024-10-26 14:35:00,Geneva
Paris,AIR FRANCE,arrival,0,2024-10-26 14:40:00,2024-10-26 14:40:00,Geneva
Marrakech,SWISS,arrival,17,2024-10-26 15:07:00,2024-10-26 14:50:00,Geneva
Antalya,SWISS,arrival,-6,2024-10-26 14:49:00,2024-10-26 14:55:00,Geneva
Lanzarote,EASYJET,arrival,-6,2024-10-26 14:54:00,2024-10-26 15:00:00,Geneva
Nice,EASYJET,arrival,0,2024-10-26 14:15:00,2024-10-26 14:15:00,Geneva
Zurich,SWISS,arrival,9,2024-10-26 12:54:00,2024-10-26 12:45:00,Geneva
Dubai,EMIRATES,arrival,-1,2024-10-26 13:14:00,2024-10-26 13:15:00,Geneva
London,BRITISH AIRWAYS,arrival,30,2024-10-26 17:40:00,2024-10-26 17:10:00,Geneva
Copenhagen,SWISS,arrival,50,2024-10-26 17:55:00,2024-10-26 17:05:00,Geneva
Palma de Mallorca,EASYJET,arrival,25,2024-10-26 17:25:00,2024-10-26 17:00:00,Geneva
Casablanca,ROYAL AIR MAROC,arrival,14,2024-10-26 17:09:00,2024-10-26 16:55:00,Geneva
Dubrovnik,EASYJET,arrival,-13,2024-10-26 16:42:00,2024-10-26 16:55:00,Geneva
Olbia,EASYJET,arrival,23,2024-10-26 17:13:00,2024-10-26 16:50:00,Geneva
Munich,AIR DOLOMITI,arrival,10,2024-10-26 16:55:00,2024-10-26 16:45:00,Geneva
Athens,SWISS,arrival,108,2024-10-26 18:33:00,2024-10-26 16:45:00,Geneva
Amsterdam,KLM ROYAL DUTCH AIRLINES,arrival,-7,2024-10-26 16:23:00,2024-10-26 16:30:00,Geneva
Algiers,AIR ALGERIE,arrival,42,2024-10-26 17:07:00,2024-10-26 16:25:00,Geneva
Paris,AIR FRANCE,arrival,-11,2024-10-26 15:59:00,2024-10-26 16:10:00,Geneva
Barcelona,EASYJET,arrival,-4,2024-10-26 16:06:00,2024-10-26 16:10:00,Geneva
Barcelona,VUELING,arrival,-7,2024-10-26 15:48:00,2024-10-26 15:55:00,Geneva
Heraklion,SWISS,arrival,-25,2024-10-26 15:05:00,2024-10-26 15:30:00,Geneva
Frankfurt,AIR DOLOMITI,arrival,0,2024-10-26 17:15:00,2024-10-26 17:15:00,Geneva
Dublin,AER LINGUS,arrival,-4,2024-10-26 16:26:00,2024-10-26 16:30:00,Geneva
Brussels,BRUSSELS AIRLINES,arrival,0,2024-10-26 18:20:00,2024-10-26 18:20:00,Geneva
Nice,EASYJET,arrival,0,2024-10-26 17:40:00,2024-10-26 17:40:00,Geneva
Rome,ITA AIRWAYS,arrival,0,2024-10-26 18:15:00,2024-10-26 18:15:00,Geneva
Helsinki,FINNAIR,arrival,5,2024-10-26 18:15:00,2024-10-26 18:10:00,Geneva
Istanbul,TURKISH AIRLINES,arrival,-23,2024-10-26 17:42:00,2024-10-26 18:05:00,Geneva
Tunis,TUNISAIR,arrival,0,2024-10-26 18:00:00,2024-10-26 18:00:00,Geneva
Porto,SWISS,arrival,27,2024-10-26 18:12:00,2024-10-26 17:45:00,Geneva
London,EASYJET,arrival,0,2024-10-26 18:20:00,2024-10-26 18:20:00,Geneva
Barcelona,EASYJET,arrival,0,2024-10-26 17:40:00,2024-10-26 17:40:00,Geneva
London,SWISS,arrival,19,2024-10-26 20:14:00,2024-10-26 19:55:00,Geneva
London,EASYJET,arrival,6,2024-10-26 20:26:00,2024-10-26 20:20:00,Geneva
Porto,EASYJET,arrival,0,2024-10-26 20:40:00,2024-10-26 20:40:00,Geneva
Pristina,EASYJET,arrival,-10,2024-10-26 20:35:00,2024-10-26 20:45:00,Geneva
Santorin,SWISS,arrival,-6,2024-10-26 21:04:00,2024-10-26 21:10:00,Geneva
Paris,AIR FRANCE,arrival,-10,2024-10-26 19:40:00,2024-10-26 19:50:00,Geneva
Manchester,ETHIOPIAN AIRLINES,arrival,0,2024-10-26 21:15:00,2024-10-26 21:15:00,Geneva
Corfu,SWISS,arrival,-4,2024-10-26 21:06:00,2024-10-26 21:10:00,Geneva
Madrid,IBERIA,arrival,-16,2024-10-26 19:09:00,2024-10-26 19:25:00,Geneva
Lisbon,EASYJET,arrival,36,2024-10-26 19:11:00,2024-10-26 18:35:00,Geneva
Dubai,EMIRATES,arrival,-3,2024-10-26 19:17:00,2024-10-26 19:20:00,Geneva
Vienna,AUSTRIAN,arrival,1,2024-10-26 19:06:00,2024-10-26 19:05:00,Geneva
Zurich,SWISS,arrival,13,2024-10-26 19:13:00,2024-10-26 19:00:00,Geneva
Ibiza,EASYJET,arrival,35,2024-10-26 19:30:00,2024-10-26 18:55:00,Geneva
Frankfurt,LUFTHANSA,arrival,-5,2024-10-26 18:40:00,2024-10-26 18:45:00,Geneva
Antalya,PEGASUS,arrival,50,2024-10-26 19:20:00,2024-10-26 18:30:00,Geneva
Bordeaux,EASYJET,arrival,-3,2024-10-26 22:32:00,2024-10-26 22:35:00,Geneva
Heraklion,EASYJET,arrival,-8,2024-10-26 22:37:00,2024-10-26 22:45:00,Geneva
Palermo,EASYJET,arrival,14,2024-10-26 22:54:00,2024-10-26 22:40:00,Geneva
Brindisi,EASYJET,arrival,66,2024-10-26 23:46:00,2024-10-26 22:40:00,Geneva
Amsterdam,KLM ROYAL DUTCH AIRLINES,arrival,7,2024-10-26 22:22:00,2024-10-26 22:15:00,Geneva
Frankfurt,SWISS,arrival,-4,2024-10-26 22:06:00,2024-10-26 22:10:00,Geneva
Oslo,SWISS,arrival,-29,2024-10-26 21:41:00,2024-10-26 22:10:00,Geneva
London,SWISS,arrival,19,2024-10-26 22:19:00,2024-10-26 22:00:00,Geneva
Vienna,SWISS,arrival,-6,2024-10-26 21:54:00,2024-10-26 22:00:00,Geneva
Paris,AIR FRANCE,arrival,1,2024-10-26 21:56:00,2024-10-26 21:55:00,Geneva
Mykonos,EASYJET,arrival,-11,2024-10-26 21:29:00,2024-10-26 21:40:00,Geneva
Tenerife,EASYJET,arrival,27,2024-10-26 22:02:00,2024-10-26 21:35:00,Geneva
Palma de Mallorca,SWISS,arrival,-9,2024-10-26 21:26:00,2024-10-26 21:35:00,Geneva
Antalya,SWISS,arrival,25,2024-10-26 23:10:00,2024-10-26 22:45:00,Geneva
Enfidha,EASYJET,arrival,100,2024-10-26 23:50:00,2024-10-26 22:10:00,Geneva
Malta,EASYJET,arrival,-10,2024-10-26 22:40:00,2024-10-26 22:50:00,Geneva
Ankara,AJET,arrival,0,2024-10-26 17:35:00,2024-10-26 17:35:00,Geneva
Nice,EASYJET,arrival,0,2024-10-26 22:50:00,2024-10-26 22:50:00,Geneva
Nantes,EASYJET,arrival,0,2024-10-26 22:50:00,2024-10-26 22:50:00,Geneva
Athens,SWISS,arrival,-12,2024-10-26 23:18:00,2024-10-26 23:30:00,Geneva
London,BRITISH AIRWAYS,arrival,10,2024-10-26 23:20:00,2024-10-26 23:10:00,Geneva
Munich,AIR DOLOMITI,arrival,1,2024-10-26 23:11:00,2024-10-26 23:10:00,Geneva
Lisbon,EASYJET,arrival,-11,2024-10-26 22:49:00,2024-10-26 23:00:00,Geneva
Hurghada,EASYJET,arrival,27,2024-10-26 23:22:00,2024-10-26 22:55:00,Geneva
Funchal,EASYJET,arrival,27,2024-10-26 23:22:00,2024-10-26 22:55:00,Geneva
Santorin,EASYJET,arrival,-36,2024-10-26 22:24:00,2024-10-26 23:00:00,Geneva
London,EASYJET,arrival,0,2024-10-27 08:30:00,2024-10-27 08:30:00,Geneva
Malaga,EASYJET,arrival,0,2024-10-27 08:30:00,2024-10-27 08:30:00,Geneva
Nantes,EASYJET,arrival,0,2024-10-27 08:25:00,2024-10-27 08:25:00,Geneva
London,EASYJET,arrival,-12,2024-10-27 09:23:00,2024-10-27 09:35:00,Geneva
Zurich,SWISS,arrival,-3,2024-10-27 08:32:00,2024-10-27 08:35:00,Geneva
Palma de Mallorca,EASYJET,arrival,15,2024-10-27 15:30:00,2024-10-27 15:15:00,Geneva
Bristol,EASYJET,arrival,0,2024-10-27 16:00:00,2024-10-27 16:00:00,Geneva
Marrakech,EASYJET,arrival,91,2024-10-27 18:21:00,2024-10-27 16:50:00,Geneva
Split,EASYJET,arrival,23,2024-10-27 18:28:00,2024-10-27 18:05:00,Geneva
London,EASYJET,arrival,0,2024-10-27 22:35:00,2024-10-27 22:35:00,Geneva
MRU,AIR MAURITIUS,arrival,0,2024-10-28 19:30:00,2024-10-28 19:30:00,Geneva
London,EASYJET,arrival,0,2024-10-28 08:50:00,2024-10-28 08:50:00,Geneva
Tunis,TUNISAIR,arrival,0,2024-10-28 08:55:00,2024-10-28 08:55:00,Geneva
Santorin,EASYJET,arrival,0,2024-10-28 20:30:00,2024-10-28 20:30:00,Geneva
Brussels,EASYJET,arrival,0,2024-10-28 18:40:00,2024-10-28 18:40:00,Geneva
Bordeaux,EASYJET,arrival,0,2024-10-28 17:10:00,2024-10-28 17:10:00,Geneva
Prague,EASYJET,arrival,0,2024-10-28 17:35:00,2024-10-28 17:35:00,Geneva
London,BRITISH AIRWAYS,arrival,0,2024-10-28 17:45:00,2024-10-28 17:45:00,Geneva
Lisbon,SWISS,arrival,0,2024-10-28 17:50:00,2024-10-28 17:50:00,Geneva
Ibiza,EASYJET,arrival,0,2024-10-28 18:00:00,2024-10-28 18:00:00,Geneva
Pristina,EASYJET,arrival,0,2024-10-28 18:00:00,2024-10-28 18:00:00,Geneva
Catania,EASYJET,arrival,0,2024-10-28 18:05:00,2024-10-28 18:05:00,Geneva
Athens,EASYJET,arrival,0,2024-10-28 18:10:00,2024-10-28 18:10:00,Geneva
Lisbon,EASYJET,arrival,0,2024-10-28 18:15:00,2024-10-28 18:15:00,Geneva
Palma de Mallorca,EASYJET,arrival,0,2024-10-28 17:05:00,2024-10-28 17:05:00,Geneva
Munich,AIR DOLOMITI,arrival,0,2024-10-28 08:45:00,2024-10-28 08:45:00,Geneva
Doha,QATAR AIRWAYS,arrival,-11,2024-10-28 06:04:00,2024-10-28 06:15:00,Geneva
Luxembourg,LUXAIR,arrival,0,2024-10-28 07:40:00,2024-10-28 07:40:00,Geneva
Barcelona,EASYJET,arrival,0,2024-10-28 08:15:00,2024-10-28 08:15:00,Geneva
Berlin,SWISS,arrival,0,2024-10-28 22:10:00,2024-10-28 22:10:00,Geneva
Seville,EASYJET,arrival,0,2024-10-28 22:45:00,2024-10-28 22:45:00,Geneva
Naples,EASYJET,arrival,0,2024-10-28 22:50:00,2024-10-28 22:50:00,Geneva
Malaga,SWISS,arrival,0,2024-10-28 17:00:00,2024-10-28 17:00:00,Geneva
Toulouse,EASYJET,arrival,0,2024-10-28 16:55:00,2024-10-28 16:55:00,Geneva
Rome,ITA AIRWAYS,arrival,0,2024-10-28 10:45:00,2024-10-28 10:45:00,Geneva
London,EASYJET,arrival,0,2024-10-28 10:50:00,2024-10-28 10:50:00,Geneva
Bordeaux,EASYJET,arrival,0,2024-10-28 10:50:00,2024-10-28 10:50:00,Geneva
Budapest,EASYJET,arrival,0,2024-10-28 10:55:00,2024-10-28 10:55:00,Geneva
Valencia,SWISS,arrival,0,2024-10-28 10:25:00,2024-10-28 10:25:00,Geneva
Hamburg,SWISS,arrival,0,2024-10-28 11:10:00,2024-10-28 11:10:00,Geneva
London,BRITISH AIRWAYS,arrival,0,2024-10-28 11:10:00,2024-10-28 11:10:00,Geneva
Berlin,EASYJET,arrival,0,2024-10-28 11:30:00,2024-10-28 11:30:00,Geneva
Budapest,EASYJET,arrival,0,2024-10-28 11:30:00,2024-10-28 11:30:00,Geneva
Nice,EASYJET,arrival,0,2024-10-28 11:45:00,2024-10-28 11:45:00,Geneva
Copenhagen,EASYJET,arrival,0,2024-10-28 12:05:00,2024-10-28 12:05:00,Geneva
Belgrade,EASYJET,arrival,0,2024-10-28 11:10:00,2024-10-28 11:10:00,Geneva
Ajaccio,EASYJET,arrival,0,2024-10-28 12:05:00,2024-10-28 12:05:00,Geneva
Barcelona,EASYJET,arrival,0,2024-10-28 10:20:00,2024-10-28 10:20:00,Geneva
London,EASYJET,arrival,0,2024-10-28 09:10:00,2024-10-28 09:10:00,Geneva
Madrid,IBERIA,arrival,0,2024-10-28 09:15:00,2024-10-28 09:15:00,Geneva
Paris,EASYJET,arrival,0,2024-10-28 09:25:00,2024-10-28 09:25:00,Geneva
London,BRITISH AIRWAYS,arrival,0,2024-10-28 09:25:00,2024-10-28 09:25:00,Geneva
Faro,EASYJET,arrival,0,2024-10-28 09:40:00,2024-10-28 09:40:00,Geneva
Brussels,SWISS,arrival,0,2024-10-28 10:20:00,2024-10-28 10:20:00,Geneva
Edinburgh,EASYJET,arrival,0,2024-10-28 09:40:00,2024-10-28 09:40:00,Geneva
Brussels,EASYJET,arrival,0,2024-10-28 09:50:00,2024-10-28 09:50:00,Geneva
Dublin,AER LINGUS,arrival,0,2024-10-28 10:10:00,2024-10-28 10:10:00,Geneva
Düsseldorf,EUROWINGS,arrival,0,2024-10-28 08:15:00,2024-10-28 08:15:00,Geneva
London,BRITISH AIRWAYS,arrival,0,2024-10-28 12:10:00,2024-10-28 12:10:00,Geneva
Santiago de Compostela,EASYJET,arrival,0,2024-10-28 12:30:00,2024-10-28 12:30:00,Geneva
Valencia,EASYJET,arrival,0,2024-10-28 14:30:00,2024-10-28 14:30:00,Geneva
London,BRITISH AIRWAYS,arrival,0,2024-10-28 14:35:00,2024-10-28 14:35:00,Geneva
Marrakech,EASYJET,arrival,0,2024-10-28 15:10:00,2024-10-28 15:10:00,Geneva
Porto,EASYJET,arrival,0,2024-10-28 15:10:00,2024-10-28 15:10:00,Geneva
Birmingham,EASYJET,arrival,0,2024-10-28 15:15:00,2024-10-28 15:15:00,Geneva
London,EASYJET,arrival,0,2024-10-28 15:20:00,2024-10-28 15:20:00,Geneva
Algiers,AIR ALGERIE,arrival,0,2024-10-28 15:30:00,2024-10-28 15:30:00,Geneva
Madrid,EASYJET,arrival,0,2024-10-28 15:45:00,2024-10-28 15:45:00,Geneva
Alicante,EASYJET,arrival,0,2024-10-28 16:10:00,2024-10-28 16:10:00,Geneva
Berlin,EASYJET,arrival,0,2024-10-28 16:40:00,2024-10-28 16:40:00,Geneva
Manchester,EASYJET,arrival,0,2024-10-28 16:50:00,2024-10-28 16:50:00,Geneva
Venice,EASYJET,arrival,0,2024-10-28 16:55:00,2024-10-28 16:55:00,Geneva
Porto,SWISS,arrival,0,2024-10-28 12:25:00,2024-10-28 12:25:00,Geneva
Porto,EASYJET,arrival,0,2024-10-28 12:30:00,2024-10-28 12:30:00,Geneva
Lisbon,EASYJET,arrival,0,2024-10-28 12:30:00,2024-10-28 12:30:00,Geneva
Pristina,EASYJET,arrival,0,2024-10-28 12:40:00,2024-10-28 12:40:00,Geneva
London,BRITISH AIRWAYS,arrival,0,2024-10-28 12:40:00,2024-10-28 12:40:00,Geneva
Naples,EASYJET,arrival,0,2024-10-28 12:40:00,2024-10-28 12:40:00,Geneva
Manchester,EASYJET,arrival,0,2024-10-28 13:50:00,2024-10-28 13:50:00,Geneva
Kuwait,KUWAIT AIRWAYS,arrival,0,2024-10-28 13:05:00,2024-10-28 13:05:00,Geneva
London,EASYJET,arrival,0,2024-10-28 13:20:00,2024-10-28 13:20:00,Geneva
Riyadh,SAUDIA,arrival,0,2024-10-28 13:35:00,2024-10-28 13:35:00,Geneva
Malaga,EASYJET,arrival,0,2024-10-28 13:45:00,2024-10-28 13:45:00,Geneva
Nantes,EASYJET,arrival,0,2024-10-28 13:50:00,2024-10-28 13:50:00,Geneva
Izmir,SUN EXPRESS,arrival,0,2024-10-28 13:15:00,2024-10-28 13:15:00,Geneva
Vienne,AUSTRIAN,arrival,0,2024-11-01 08:50:00,2024-11-01 08:50:00,Geneva
Vienne,AUSTRIAN,arrival,0,2024-11-01 19:10:00,2024-11-01 19:10:00,Geneva
Vienne,AUSTRIAN,departure,0,2024-11-01 19:55:00,2024-11-01 19:55:00,Geneva
Vienne,AUSTRIAN,departure,0,2024-11-01 09:35:00,2024-11-01 09:35:00,Geneva
Beijing,AIR CHINA,arrival,-52,2024-11-01 06:23:00,2024-11-01 07:15:00,Geneva
Nice,EASYJET,arrival,0,2024-11-01 07:50:00,2024-11-01 07:50:00,Geneva
Barcelona,EASYJET,arrival,0,2024-11-01 07:50:00,2024-11-01 07:50:00,Geneva
Palma de Mallorca,EASYJET,arrival,0,2024-11-01 07:55:00,2024-11-01 07:55:00,Geneva
Naples,EASYJET,arrival,0,2024-11-01 08:00:00,2024-11-01 08:00:00,Geneva
Madrid,IBERIA,arrival,0,2024-11-01 08:15:00,2024-11-01 08:15:00,Geneva
Barcelona,VUELING,arrival,0,2024-11-01 08:15:00,2024-11-01 08:15:00,Geneva
Berlin,EASYJET,arrival,0,2024-11-01 08:00:00,2024-11-01 08:00:00,Geneva
Lisbon,SWISS,departure,0,2024-11-01 11:25:00,2024-11-01 11:25:00,Geneva
Athens,SWISS,departure,0,2024-11-01 07:05:00,2024-11-01 07:05:00,Geneva
London,BRITISH AIRWAYS,departure,0,2024-11-01 07:05:00,2024-11-01 07:05:00,Geneva
Pristina,SWISS,departure,50,2024-11-01 08:00:00,2024-11-01 07:10:00,Geneva
Alicante,EASYJET,departure,0,2024-11-01 07:20:00,2024-11-01 07:20:00,Geneva
Bari,EASYJET,departure,0,2024-11-01 07:25:00,2024-11-01 07:25:00,Geneva
Sharm El-Sheikh,EASYJET,departure,0,2024-11-01 07:40:00,2024-11-01 07:40:00,Geneva
Malaga,EASYJET,departure,0,2024-11-01 07:45:00,2024-11-01 07:45:00,Geneva
Figari,EASYJET,departure,0,2024-11-01 08:00:00,2024-11-01 08:00:00,Geneva
Hurghada,EASYJET,departure,0,2024-11-01 08:05:00,2024-11-01 08:05:00,Geneva
London,BRITISH AIRWAYS,departure,0,2024-11-01 08:05:00,2024-11-01 08:05:00,Geneva
Porto,SWISS,departure,0,2024-11-01 08:25:00,2024-11-01 08:25:00,Geneva
Tenerife,EASYJET,departure,-10,2024-11-01 06:25:00,2024-11-01 06:35:00,Geneva
Paris,EASYJET,departure,0,2024-11-01 06:00:00,2024-11-01 06:00:00,Geneva
Djerba,EASYJET,departure,0,2024-11-01 06:05:00,2024-11-01 06:05:00,Geneva
Ibiza,EASYJET,departure,0,2024-11-01 06:40:00,2024-11-01 06:40:00,Geneva
Athens,EASYJET,departure,-10,2024-11-01 06:00:00,2024-11-01 06:10:00,Geneva
Zurich,SWISS,departure,0,2024-11-01 06:10:00,2024-11-01 06:10:00,Geneva
Lanzarote,EASYJET,departure,-5,2024-11-01 06:10:00,2024-11-01 06:15:00,Geneva
Porto,EASYJET,departure,-5,2024-11-01 06:15:00,2024-11-01 06:20:00,Geneva
Lisbon,EASYJET,departure,-10,2024-11-01 06:10:00,2024-11-01 06:20:00,Geneva
Munich,AIR DOLOMITI,departure,0,2024-11-01 06:20:00,2024-11-01 06:20:00,Geneva
Brussels,EASYJET,departure,0,2024-11-01 06:10:00,2024-11-01 06:10:00,Geneva
Bordeaux,EASYJET,departure,0,2024-11-01 07:05:00,2024-11-01 07:05:00,Geneva
Alicante,EASYJET,arrival,0,2024-11-02 12:10:00,2024-11-02 12:10:00,Geneva
Istanbul,TURKISH AIRLINES,arrival,-28,2024-11-02 08:52:00,2024-11-02 09:20:00,Geneva
Malaga,EASYJET,arrival,0,2024-11-02 13:20:00,2024-11-02 13:20:00,Geneva
Nice,EASYJET,arrival,0,2024-11-02 13:15:00,2024-11-02 13:15:00,Geneva
Ajaccio,EASYJET,arrival,0,2024-11-02 13:10:00,2024-11-02 13:10:00,Geneva
Pristina,SWISS,arrival,0,2024-11-02 12:35:00,2024-11-02 12:35:00,Geneva
Athens,EASYJET,arrival,0,2024-11-02 12:35:00,2024-11-02 12:35:00,Geneva
Porto,EASYJET,arrival,0,2024-11-02 12:35:00,2024-11-02 12:35:00,Geneva
Munich,AIR DOLOMITI,arrival,-7,2024-11-02 08:33:00,2024-11-02 08:40:00,Geneva
Bristol,EASYJET,arrival,-15,2024-11-02 08:30:00,2024-11-02 08:45:00,Geneva
Amsterdam,EASYJET,arrival,0,2024-11-02 08:50:00,2024-11-02 08:50:00,Geneva
Paris,EASYJET,arrival,-11,2024-11-02 08:49:00,2024-11-02 09:00:00,Geneva
Brussels,EASYJET,arrival,-8,2024-11-02 09:07:00,2024-11-02 09:15:00,Geneva
Rome,ITA AIRWAYS,arrival,0,2024-11-02 11:05:00,2024-11-02 11:05:00,Geneva
Figari,EASYJET,arrival,0,2024-11-02 11:10:00,2024-11-02 11:10:00,Geneva
Nice,SWISS,arrival,0,2024-11-02 11:25:00,2024-11-02 11:25:00,Geneva
Ibiza,EASYJET,arrival,-13,2024-11-02 10:37:00,2024-11-02 10:50:00,Geneva
Porto,EASYJET,arrival,-15,2024-11-02 11:15:00,2024-11-02 11:30:00,Geneva
Djerba,EASYJET,arrival,0,2024-11-02 11:50:00,2024-11-02 11:50:00,Geneva
Bari,EASYJET,arrival,0,2024-11-02 11:50:00,2024-11-02 11:50:00,Geneva
Lisbon,EASYJET,arrival,0,2024-11-02 12:05:00,2024-11-02 12:05:00,Geneva
London,BRITISH AIRWAYS,arrival,0,2024-11-02 11:30:00,2024-11-02 11:30:00,Geneva
Beirut,MEA MIDDLE EAST AIRLINES,arrival,-20,2024-11-02 10:20:00,2024-11-02 10:40:00,Geneva
Manchester,EASYJET,arrival,7,2024-11-02 10:37:00,2024-11-02 10:30:00,Geneva
Marrakech,EASYJET,arrival,0,2024-11-02 10:15:00,2024-11-02 10:15:00,Geneva
Porto,EASYJET,arrival,-5,2024-11-02 09:10:00,2024-11-02 09:15:00,Geneva
London,EASYJET,arrival,33,2024-11-02 10:13:00,2024-11-02 09:40:00,Geneva
Faro,EASYJET,arrival,-16,2024-11-02 09:34:00,2024-11-02 09:50:00,Geneva
Zurich,SWISS,arrival,0,2024-11-02 10:00:00,2024-11-02 10:00:00,Geneva
London,EASYJET,arrival,19,2024-11-02 10:19:00,2024-11-02 10:00:00,Geneva
Athens,AEGEAN AIRLINES,arrival,-4,2024-11-02 10:06:00,2024-11-02 10:10:00,Geneva
Bordeaux,EASYJET,arrival,-16,2024-11-02 09:59:00,2024-11-02 10:15:00,Geneva
Munich,AIR DOLOMITI,arrival,0,2024-11-02 12:30:00,2024-11-02 12:30:00,Geneva
London,EASYJET,arrival,0,2024-11-02 12:30:00,2024-11-02 12:30:00,Geneva
Naples,EASYJET,departure,-10,2024-11-02 08:30:00,2024-11-02 08:40:00,Geneva
Palma de Mallorca,EASYJET,departure,0,2024-11-02 08:30:00,2024-11-02 08:30:00,Geneva
Frankfurt,AIR DOLOMITI,departure,0,2024-11-02 10:55:00,2024-11-02 10:55:00,Geneva
Enfidha,EASYJET,departure,0,2024-11-02 10:55:00,2024-11-02 10:55:00,Geneva
Athens,AEGEAN AIRLINES,departure,0,2024-11-02 11:05:00,2024-11-02 11:05:00,Geneva
Manchester,EASYJET,departure,0,2024-11-02 11:15:00,2024-11-02 11:15:00,Geneva
Oslo,SWISS,departure,0,2024-11-02 11:25:00,2024-11-02 11:25:00,Geneva
Bastia,EASYJET,departure,0,2024-11-02 11:35:00,2024-11-02 11:35:00,Geneva
Beirut,MEA MIDDLE EAST AIRLINES,departure,0,2024-11-02 11:45:00,2024-11-02 11:45:00,Geneva
Rome,ITA AIRWAYS,departure,0,2024-11-02 12:00:00,2024-11-02 12:00:00,Geneva
London,BRITISH AIRWAYS,departure,0,2024-11-02 12:20:00,2024-11-02 12:20:00,Geneva
Beijing,AIR CHINA,departure,0,2024-11-02 12:20:00,2024-11-02 12:20:00,Geneva
Menorca,EASYJET,departure,0,2024-11-02 12:25:00,2024-11-02 12:25:00,Geneva
Gran Canaria,EASYJET,departure,0,2024-11-02 13:20:00,2024-11-02 13:20:00,Geneva
Copenhagen,SWISS,departure,0,2024-11-02 13:20:00,2024-11-02 13:20:00,Geneva
Porto,EASYJET,departure,0,2024-11-02 13:15:00,2024-11-02 13:15:00,Geneva
London,EASYJET,departure,0,2024-11-02 13:15:00,2024-11-02 13:15:00,Geneva
Munich,AIR DOLOMITI,departure,0,2024-11-02 13:10:00,2024-11-02 13:10:00,Geneva
Seville,EASYJET,departure,0,2024-11-02 12:55:00,2024-11-02 12:55:00,Geneva
Porto,EASYJET,departure,0,2024-11-02 12:50:00,2024-11-02 12:50:00,Geneva
Nantes,EASYJET,departure,0,2024-11-02 12:45:00,2024-11-02 12:45:00,Geneva
Stockholm,SWISS,departure,0,2024-11-02 12:40:00,2024-11-02 12:40:00,Geneva
Amsterdam,EASYJET,departure,0,2024-11-02 13:10:00,2024-11-02 13:10:00,Geneva
Zurich,SWISS,departure,0,2024-11-02 10:45:00,2024-11-02 10:45:00,Geneva
Istanbul,TURKISH AIRLINES,departure,0,2024-11-02 10:45:00,2024-11-02 10:45:00,Geneva
Paris,AIR FRANCE,departure,0,2024-11-02 10:40:00,2024-11-02 10:40:00,Geneva
London,EASYJET,departure,0,2024-11-02 10:35:00,2024-11-02 10:35:00,Geneva
London,EASYJET,departure,25,2024-11-02 10:50:00,2024-11-02 10:25:00,Geneva
Faro,EASYJET,departure,0,2024-11-02 10:25:00,2024-11-02 10:25:00,Geneva
Washington,UNITED AIRLINES,departure,0,2024-11-02 10:20:00,2024-11-02 10:20:00,Geneva
Ajaccio,EASYJET,departure,0,2024-11-02 10:10:00,2024-11-02 10:10:00,Geneva
Zurich,SWISS,departure,0,2024-11-02 10:10:00,2024-11-02 10:10:00,Geneva
Nice,SWISS,departure,0,2024-11-02 08:35:00,2024-11-02 08:35:00,Geneva
Porto,EASYJET,departure,0,2024-11-02 09:55:00,2024-11-02 09:55:00,Geneva
Bristol,EASYJET,departure,-10,2024-11-02 09:15:00,2024-11-02 09:25:00,Geneva
Amsterdam,EASYJET,departure,0,2024-11-02 09:25:00,2024-11-02 09:25:00,Geneva
Munich,AIR DOLOMITI,departure,0,2024-11-02 09:20:00,2024-11-02 09:20:00,Geneva
Madrid,IBERIA,departure,0,2024-11-02 08:55:00,2024-11-02 08:55:00,Geneva
Barcelona,VUELING,departure,9,2024-11-02 09:04:00,2024-11-02 08:55:00,Geneva
Berlin,EASYJET,departure,-5,2024-11-02 08:45:00,2024-11-02 08:50:00,Geneva
Nice,EASYJET,departure,-10,2024-11-02 08:35:00,2024-11-02 08:45:00,Geneva
Barcelona,EASYJET,departure,-10,2024-11-02 08:25:00,2024-11-02 08:35:00,Geneva
Nice,EASYJET,departure,0,2024-11-02 10:25:00,2024-11-02 10:25:00,Geneva
Palma de Mallorca,EASYJET,arrival,0,2024-11-02 16:30:00,2024-11-02 16:30:00,Geneva
Lisbon,EASYJET,arrival,0,2024-11-02 16:25:00,2024-11-02 16:25:00,Geneva
Menorca,EASYJET,arrival,0,2024-11-02 16:20:00,2024-11-02 16:20:00,Geneva
Algiers,AIR ALGERIE,arrival,15,2024-11-02 15:30:00,2024-11-02 15:15:00,Geneva
Palma de Mallorca,EASYJET,arrival,9,2024-11-02 14:59:00,2024-11-02 14:50:00,Geneva
Lanzarote,EASYJET,arrival,-21,2024-11-02 14:34:00,2024-11-02 14:55:00,Geneva
Lisbon,EASYJET,arrival,17,2024-11-02 15:17:00,2024-11-02 15:00:00,Geneva
Edinburgh,EASYJET,arrival,10,2024-11-02 15:20:00,2024-11-02 15:10:00,Geneva
London,BRITISH AIRWAYS,arrival,-10,2024-11-02 15:15:00,2024-11-02 15:25:00,Geneva
Enfidha,EASYJET,arrival,-3,2024-11-02 15:42:00,2024-11-02 15:45:00,Geneva
Tenerife,EASYJET,arrival,-20,2024-11-02 15:25:00,2024-11-02 15:45:00,Geneva
Nantes,EASYJET,arrival,0,2024-11-02 16:10:00,2024-11-02 16:10:00,Geneva
Munich,AIR DOLOMITI,arrival,0,2024-11-02 16:15:00,2024-11-02 16:15:00,Geneva
Bastia,EASYJET,arrival,-14,2024-11-02 14:16:00,2024-11-02 14:30:00,Geneva
Cairo,EGYPTAIR,arrival,-11,2024-11-02 14:14:00,2024-11-02 14:25:00,Geneva
London,BRITISH AIRWAYS,arrival,-22,2024-11-02 13:28:00,2024-11-02 13:50:00,Geneva
Athens,SWISS,arrival,-25,2024-11-02 13:55:00,2024-11-02 14:20:00,Geneva
Amman,ROYAL JORDANIAN,arrival,-32,2024-11-02 13:23:00,2024-11-02 13:55:00,Geneva
Toulouse,EASYJET,arrival,23,2024-11-02 14:23:00,2024-11-02 14:00:00,Geneva
Porto,SWISS,arrival,-11,2024-11-02 13:49:00,2024-11-02 14:00:00,Geneva
Palma de Mallorca,EASYJET,departure,0,2024-11-02 15:25:00,2024-11-02 15:25:00,Geneva
Lisbon,SWISS,departure,0,2024-11-02 15:30:00,2024-11-02 15:30:00,Geneva
Heraklion,EASYJET,departure,0,2024-11-02 15:40:00,2024-11-02 15:40:00,Geneva
Lisbon,EASYJET,departure,0,2024-11-02 15:45:00,2024-11-02 15:45:00,Geneva
Edinburgh,EASYJET,departure,0,2024-11-02 15:55:00,2024-11-02 15:55:00,Geneva
Pristina,EASYJET,departure,0,2024-11-02 16:00:00,2024-11-02 16:00:00,Geneva
London,BRITISH AIRWAYS,departure,0,2024-11-02 16:15:00,2024-11-02 16:15:00,Geneva
Algiers,AIR ALGERIE,departure,0,2024-11-02 16:15:00,2024-11-02 16:15:00,Geneva
Copenhagen,EASYJET,departure,0,2024-11-02 16:30:00,2024-11-02 16:30:00,Geneva
Cairo,EGYPTAIR,departure,0,2024-11-02 15:25:00,2024-11-02 15:25:00,Geneva
Mykonos,EASYJET,departure,0,2024-11-02 15:15:00,2024-11-02 15:15:00,Geneva
Funchal,EASYJET,departure,0,2024-11-02 13:55:00,2024-11-02 13:55:00,Geneva
Split,EASYJET,departure,-5,2024-11-02 14:00:00,2024-11-02 14:05:00,Geneva
Rome,EASYJET,departure,-5,2024-11-02 14:05:00,2024-11-02 14:10:00,Geneva
Toulouse,EASYJET,departure,20,2024-11-02 14:55:00,2024-11-02 14:35:00,Geneva
London,BRITISH AIRWAYS,departure,0,2024-11-02 14:40:00,2024-11-02 14:40:00,Geneva
Amman,ROYAL JORDANIAN,departure,0,2024-11-02 15:10:00,2024-11-02 15:10:00,Geneva
Rabat,EASYJET,departure,0,2024-11-02 15:15:00,2024-11-02 15:15:00,Geneva
London,BRITISH AIRWAYS,arrival,-11,2024-11-02 16:44:00,2024-11-02 16:55:00,Geneva
Amsterdam,EASYJET,arrival,-20,2024-11-02 16:40:00,2024-11-02 17:00:00,Geneva
Barcelona,VUELING,arrival,-16,2024-11-02 16:49:00,2024-11-02 17:05:00,Geneva
Lisbon,TAP PORTUGAL,arrival,92,2024-11-02 18:57:00,2024-11-02 17:25:00,Geneva
Oslo,SWISS,arrival,-34,2024-11-02 17:06:00,2024-11-02 17:40:00,Geneva
Zurich,SWISS,arrival,-16,2024-11-02 17:24:00,2024-11-02 17:40:00,Geneva
Split,EASYJET,arrival,-1,2024-11-02 17:44:00,2024-11-02 17:45:00,Geneva
Rome,EASYJET,arrival,-23,2024-11-02 17:32:00,2024-11-02 17:55:00,Geneva
Antalya,PEGASUS,arrival,15,2024-11-02 18:10:00,2024-11-02 17:55:00,Geneva
Porto,EASYJET,arrival,-14,2024-11-02 17:51:00,2024-11-02 18:05:00,Geneva
Sharm El-Sheikh,EASYJET,arrival,-45,2024-11-02 17:20:00,2024-11-02 18:05:00,Geneva
London,BRITISH AIRWAYS,departure,0,2024-11-02 17:50:00,2024-11-02 17:50:00,Geneva
Barcelona,VUELING,departure,0,2024-11-02 17:45:00,2024-11-02 17:45:00,Geneva
Palma de Mallorca,EASYJET,departure,0,2024-11-02 17:35:00,2024-11-02 17:35:00,Geneva
Malta,EASYJET,departure,0,2024-11-02 17:10:00,2024-11-02 17:10:00,Geneva
Lisbon,EASYJET,departure,0,2024-11-02 17:05:00,2024-11-02 17:05:00,Geneva
Palma de Mallorca,EASYJET,departure,5,2024-11-02 17:10:00,2024-11-02 17:05:00,Geneva
Munich,AIR DOLOMITI,departure,0,2024-11-02 17:00:00,2024-11-02 17:00:00,Geneva
Malaga,EASYJET,departure,0,2024-11-02 16:45:00,2024-11-02 16:45:00,Geneva
Helsinki,FINNAIR,arrival,-3,2024-11-02 18:12:00,2024-11-02 18:15:00,Geneva
Seville,EASYJET,arrival,20,2024-11-02 18:35:00,2024-11-02 18:15:00,Geneva
Barcelona,EASYJET,arrival,0,2024-11-02 21:55:00,2024-11-02 21:55:00,Geneva
Funchal,EASYJET,arrival,-5,2024-11-02 21:50:00,2024-11-02 21:55:00,Geneva
Tunis,TUNISAIR,arrival,0,2024-11-02 18:10:00,2024-11-02 18:10:00,Geneva
Lisbon,SWISS,arrival,0,2024-11-02 21:30:00,2024-11-02 21:30:00,Geneva
Pristina,EASYJET,arrival,0,2024-11-02 21:15:00,2024-11-02 21:15:00,Geneva
Copenhagen,EASYJET,arrival,0,2024-11-02 21:05:00,2024-11-02 21:05:00,Geneva
Munich,AIR DOLOMITI,arrival,0,2024-11-02 20:55:00,2024-11-02 20:55:00,Geneva
Porto,EASYJET,arrival,11,2024-11-02 20:41:00,2024-11-02 20:30:00,Geneva
Mykonos,EASYJET,arrival,0,2024-11-02 21:55:00,2024-11-02 21:55:00,Geneva
London,EASYJET,arrival,-4,2024-11-02 19:21:00,2024-11-02 19:25:00,Geneva
Stockholm,SWISS,arrival,-16,2024-11-02 18:59:00,2024-11-02 19:15:00,Geneva
Copenhagen,SWISS,arrival,-26,2024-11-02 18:29:00,2024-11-02 18:55:00,Geneva
Hurghada,EASYJET,arrival,-9,2024-11-02 18:26:00,2024-11-02 18:35:00,Geneva
Porto,TAP PORTUGAL,arrival,-8,2024-11-02 18:22:00,2024-11-02 18:30:00,Geneva
Olbia,EASYJET,arrival,0,2024-11-02 21:55:00,2024-11-02 21:55:00,Geneva
Palma de Mallorca,EASYJET,arrival,0,2024-11-02 21:30:00,2024-11-02 21:30:00,Geneva
Palermo,EASYJET,arrival,0,2024-11-02 22:35:00,2024-11-02 22:35:00,Geneva
Heraklion,EASYJET,arrival,0,2024-11-02 22:35:00,2024-11-02 22:35:00,Geneva
Gran Canaria,EASYJET,arrival,0,2024-11-02 22:30:00,2024-11-02 22:30:00,Geneva
Rabat,EASYJET,arrival,0,2024-11-02 21:55:00,2024-11-02 21:55:00,Geneva
Frankfurt,LUFTHANSA,arrival,0,2024-11-02 22:25:00,2024-11-02 22:25:00,Geneva
Malaga,EASYJET,arrival,0,2024-11-02 22:15:00,2024-11-02 22:15:00,Geneva
London,BRITISH AIRWAYS,arrival,0,2024-11-02 22:10:00,2024-11-02 22:10:00,Geneva
Nantes,EASYJET,arrival,0,2024-11-02 22:10:00,2024-11-02 22:10:00,Geneva
Bordeaux,EASYJET,arrival,0,2024-11-02 22:05:00,2024-11-02 22:05:00,Geneva
Malta,EASYJET,arrival,0,2024-11-02 22:20:00,2024-11-02 22:20:00,Geneva
London,EASYJET,departure,0,2024-11-02 20:05:00,2024-11-02 20:05:00,Geneva
Tunis,TUNISAIR,departure,0,2024-11-02 19:10:00,2024-11-02 19:10:00,Geneva
Porto,TAP PORTUGAL,departure,0,2024-11-02 19:15:00,2024-11-02 19:15:00,Geneva
Helsinki,FINNAIR,departure,0,2024-11-02 19:00:00,2024-11-02 19:00:00,Geneva
Bordeaux,EASYJET,departure,-5,2024-11-02 18:55:00,2024-11-02 19:00:00,Geneva
Zurich,SWISS,departure,0,2024-11-02 18:55:00,2024-11-02 18:55:00,Geneva
Antalya,PEGASUS,departure,15,2024-11-02 19:00:00,2024-11-02 18:45:00,Geneva
Olbia,EASYJET,departure,-10,2024-11-02 18:20:00,2024-11-02 18:30:00,Geneva
Palermo,EASYJET,departure,-5,2024-11-02 18:15:00,2024-11-02 18:20:00,Geneva
Lisbon,TAP PORTUGAL,departure,85,2024-11-02 19:40:00,2024-11-02 18:15:00,Geneva
Barcelona,EASYJET,departure,-10,2024-11-02 18:00:00,2024-11-02 18:10:00,Geneva
Geneva,EASYJET,departure,0,2024-11-02 12:30:00,2024-11-02 12:30:00,Geneva
Porto,EASYJET,departure,0,2024-11-02 21:10:00,2024-11-02 21:10:00,Geneva
New York,UNITED AIRLINES,arrival,-4,2024-11-02 06:21:00,2024-11-02 06:25:00,Geneva
Addis Ababa,ETHIOPIAN AIRLINES,arrival,0,2024-11-02 06:15:00,2024-11-02 06:15:00,Geneva
Washington,UNITED AIRLINES,arrival,-6,2024-11-02 06:29:00,2024-11-02 06:35:00,Geneva
Ajaccio,EASYJET,departure,0,2024-11-02 06:00:00,2024-11-02 06:00:00,Geneva
Marrakech,EASYJET,departure,0,2024-11-02 06:00:00,2024-11-02 06:00:00,Geneva
Zurich,SWISS,departure,0,2024-11-02 06:00:00,2024-11-02 06:00:00,Geneva
Valencia,SWISS,departure,0,2024-11-02 06:00:00,2024-11-02 06:00:00,Geneva
Madrid,IBERIA,departure,0,2024-11-02 06:00:00,2024-11-02 06:00:00,Geneva
Lisbon,TAP PORTUGAL,departure,0,2024-11-02 06:05:00,2024-11-02 06:05:00,Geneva
London,BRITISH AIRWAYS,departure,0,2024-11-02 06:25:00,2024-11-02 06:25:00,Geneva
Paris,AIR FRANCE,departure,0,2024-11-02 06:30:00,2024-11-02 06:30:00,Geneva
Barcelona,EASYJET,departure,0,2024-11-02 06:30:00,2024-11-02 06:30:00,Geneva
Malaga,EASYJET,departure,0,2024-11-02 06:35:00,2024-11-02 06:35:00,Geneva
Hurghada,SWISS,departure,0,2024-11-02 06:35:00,2024-11-02 06:35:00,Geneva
Porto,EASYJET,arrival,0,2024-11-03 09:35:00,2024-11-03 09:35:00,Geneva
London,SWISS,arrival,0,2024-11-03 09:35:00,2024-11-03 09:35:00,Geneva
New York,SWISS,arrival,-20,2024-11-03 09:00:00,2024-11-03 09:20:00,Geneva
Amsterdam,EASYJET,arrival,0,2024-11-03 09:00:00,2024-11-03 09:00:00,Geneva
Barcelona,VUELING,arrival,0,2024-11-03 09:00:00,2024-11-03 09:00:00,Geneva
Ajaccio,EASYJET,arrival,0,2024-11-03 09:00:00,2024-11-03 09:00:00,Geneva
Casablanca,AIR ARABIA MAROC,arrival,0,2024-11-03 08:50:00,2024-11-03 08:50:00,Geneva
Vienna,AUSTRIAN,arrival,0,2024-11-03 08:50:00,2024-11-03 08:50:00,Geneva
Zurich,SWISS,arrival,0,2024-11-03 08:25:00,2024-11-03 08:25:00,Geneva
Amsterdam,KLM ROYAL DUTCH AIRLINES,arrival,6,2024-11-03 08:31:00,2024-11-03 08:25:00,Geneva
Antalya,SUN EXPRESS,arrival,-15,2024-11-03 08:05:00,2024-11-03 08:20:00,Geneva
Venice,EASYJET,arrival,-21,2024-11-03 07:59:00,2024-11-03 08:20:00,Geneva
Paris,AIR FRANCE,arrival,-8,2024-11-03 08:07:00,2024-11-03 08:15:00,Geneva
Frankfurt,LUFTHANSA,arrival,-8,2024-11-03 08:02:00,2024-11-03 08:10:00,Geneva
Brussels,BRUSSELS AIRLINES,arrival,-5,2024-11-03 07:50:00,2024-11-03 07:55:00,Geneva
Palma de Mallorca,EASYJET,arrival,-15,2024-11-03 07:35:00,2024-11-03 07:50:00,Geneva
Malaga,EASYJET,arrival,43,2024-11-03 09:18:00,2024-11-03 08:35:00,Geneva
Abu Dhabi,ETIHAD AIRWAYS,arrival,16,2024-11-03 07:11:00,2024-11-03 06:55:00,Geneva
New York,UNITED AIRLINES,departure,0,2024-11-03 09:15:00,2024-11-03 09:15:00,Geneva
Casablanca,AIR ARABIA MAROC,departure,0,2024-11-03 09:35:00,2024-11-03 09:35:00,Geneva
Bordeaux,EASYJET,departure,0,2024-11-03 09:25:00,2024-11-03 09:25:00,Geneva
Antalya,SUN EXPRESS,departure,0,2024-11-03 09:20:00,2024-11-03 09:20:00,Geneva
Malaga,EASYJET,departure,35,2024-11-03 09:55:00,2024-11-03 09:20:00,Geneva
Amsterdam,KLM ROYAL DUTCH AIRLINES,departure,0,2024-11-03 09:10:00,2024-11-03 09:10:00,Geneva
Paris,AIR FRANCE,departure,0,2024-11-03 09:05:00,2024-11-03 09:05:00,Geneva
London,BRITISH AIRWAYS,departure,0,2024-11-03 09:00:00,2024-11-03 09:00:00,Geneva
Venice,EASYJET,departure,0,2024-11-03 08:55:00,2024-11-03 08:55:00,Geneva
A Coruna,EASYJET,departure,0,2024-11-03 08:50:00,2024-11-03 08:50:00,Geneva
Frankfurt,LUFTHANSA,departure,0,2024-11-03 08:45:00,2024-11-03 08:45:00,Geneva
Munich,AIR DOLOMITI,departure,0,2024-11-03 08:35:00,2024-11-03 08:35:00,Geneva
Brussels,BRUSSELS AIRLINES,departure,0,2024-11-03 08:35:00,2024-11-03 08:35:00,Geneva
Palma de Mallorca,EASYJET,departure,0,2024-11-03 08:25:00,2024-11-03 08:25:00,Geneva
Pristina,EASYJET,departure,0,2024-11-03 08:20:00,2024-11-03 08:20:00,Geneva
Marrakech,SWISS,departure,0,2024-11-03 08:05:00,2024-11-03 08:05:00,Geneva
Brindisi,EASYJET,departure,0,2024-11-03 08:05:00,2024-11-03 08:05:00,Geneva
Porto,EASYJET,departure,0,2024-11-03 08:00:00,2024-11-03 08:00:00,Geneva
Vienna,AUSTRIAN,departure,0,2024-11-03 09:35:00,2024-11-03 09:35:00,Geneva
Belgrade,EASYJET,departure,0,2024-11-03 07:00:00,2024-11-03 07:00:00,Geneva
London,EASYJET,departure,-5,2024-11-03 06:55:00,2024-11-03 07:00:00,Geneva
Nantes,EASYJET,departure,0,2024-11-03 07:00:00,2024-11-03 07:00:00,Geneva
Enfidha,EASYJET,departure,-15,2024-11-03 06:55:00,2024-11-03 07:10:00,Geneva
Amsterdam,KLM ROYAL DUTCH AIRLINES,departure,0,2024-11-03 07:10:00,2024-11-03 07:10:00,Geneva
Manchester,ETHIOPIAN AIRLINES,departure,-3,2024-11-03 07:12:00,2024-11-03 07:15:00,Geneva
Copenhagen,EASYJET,departure,-5,2024-11-03 07:10:00,2024-11-03 07:15:00,Geneva
London,SWISS,departure,0,2024-11-03 07:25:00,2024-11-03 07:25:00,Geneva
Porto,EASYJET,departure,-10,2024-11-03 07:20:00,2024-11-03 07:30:00,Geneva
Zurich,SWISS,departure,0,2024-11-03 07:40:00,2024-11-03 07:40:00,Geneva
Brussels,SWISS,departure,0,2024-11-03 07:00:00,2024-11-03 07:00:00,Geneva
Malaga,SWISS,departure,0,2024-11-03 07:00:00,2024-11-03 07:00:00,Geneva
Rome,EASYJET,departure,-5,2024-11-03 06:40:00,2024-11-03 06:45:00,Geneva
Frankfurt,LUFTHANSA,departure,0,2024-11-03 06:55:00,2024-11-03 06:55:00,Geneva
Santiago de Compostela,EASYJET,departure,-10,2024-11-03 06:30:00,2024-11-03 06:40:00,Geneva
Malaga,EASYJET,arrival,-5,2024-11-03 12:00:00,2024-11-03 12:05:00,Geneva
Amsterdam,EASYJET,arrival,-16,2024-11-03 09:24:00,2024-11-03 09:40:00,Geneva
Warsaw,LOT POLISH AIRLINES,arrival,-21,2024-11-03 09:19:00,2024-11-03 09:40:00,Geneva
Paris,AIR FRANCE,arrival,-11,2024-11-03 09:29:00,2024-11-03 09:40:00,Geneva
Zurich,SWISS,arrival,0,2024-11-03 09:45:00,2024-11-03 09:45:00,Geneva
Montreal,AIR CANADA,arrival,-4,2024-11-03 09:56:00,2024-11-03 10:00:00,Geneva
Istanbul,TURKISH AIRLINES,arrival,-29,2024-11-03 09:31:00,2024-11-03 10:00:00,Geneva
Manchester,EASYJET,arrival,-8,2024-11-03 09:52:00,2024-11-03 10:00:00,Geneva
Helsinki,FINNAIR,arrival,-28,2024-11-03 09:37:00,2024-11-03 10:05:00,Geneva
Faro,EASYJET,arrival,-24,2024-11-03 09:46:00,2024-11-03 10:10:00,Geneva
Edinburgh,EASYJET,arrival,7,2024-11-03 10:17:00,2024-11-03 10:10:00,Geneva
Frankfurt,AIR DOLOMITI,arrival,-5,2024-11-03 10:10:00,2024-11-03 10:15:00,Geneva
Brussels,SWISS,arrival,-9,2024-11-03 10:06:00,2024-11-03 10:15:00,Geneva
Barcelona,EASYJET,arrival,-15,2024-11-03 10:00:00,2024-11-03 10:15:00,Geneva
Nantes,EASYJET,arrival,-6,2024-11-03 10:14:00,2024-11-03 10:20:00,Geneva
Valencia,SWISS,arrival,-18,2024-11-03 10:12:00,2024-11-03 10:30:00,Geneva
Amsterdam,KLM ROYAL DUTCH AIRLINES,arrival,-7,2024-11-03 10:53:00,2024-11-03 11:00:00,Geneva
London,EASYJET,arrival,-4,2024-11-03 10:56:00,2024-11-03 11:00:00,Geneva
Lisbon,TAP PORTUGAL,arrival,13,2024-11-03 11:23:00,2024-11-03 11:10:00,Geneva
Paris,AIR FRANCE,arrival,-5,2024-11-03 11:10:00,2024-11-03 11:15:00,Geneva
London,BRITISH AIRWAYS,arrival,-21,2024-11-03 10:59:00,2024-11-03 11:20:00,Geneva
London,EASYJET,arrival,-9,2024-11-03 11:21:00,2024-11-03 11:30:00,Geneva
Santiago de Compostela,EASYJET,arrival,1,2024-11-03 11:36:00,2024-11-03 11:35:00,Geneva
London,SWISS,arrival,10,2024-11-03 11:50:00,2024-11-03 11:40:00,Geneva
Belgrade,EASYJET,arrival,-11,2024-11-03 11:34:00,2024-11-03 11:45:00,Geneva
London,EASYJET,arrival,-5,2024-11-03 11:40:00,2024-11-03 11:45:00,Geneva
Madrid,IBERIA,arrival,-14,2024-11-03 11:36:00,2024-11-03 11:50:00,Geneva
Copenhagen,EASYJET,arrival,-19,2024-11-03 11:36:00,2024-11-03 11:55:00,Geneva
Rome,EASYJET,arrival,-10,2024-11-03 10:20:00,2024-11-03 10:30:00,Geneva
Enfidha,EASYJET,arrival,-33,2024-11-03 11:47:00,2024-11-03 12:20:00,Geneva
Nice,EASYJET,arrival,0,2024-11-03 12:20:00,2024-11-03 12:20:00,Geneva
Bordeaux,EASYJET,arrival,0,2024-11-03 12:30:00,2024-11-03 12:30:00,Geneva
Zurich,SWISS,departure,0,2024-11-03 10:05:00,2024-11-03 10:05:00,Geneva
Barcelona,VUELING,departure,-5,2024-11-03 09:35:00,2024-11-03 09:40:00,Geneva
Amsterdam,EASYJET,departure,5,2024-11-03 09:55:00,2024-11-03 09:50:00,Geneva
Marrakech,EASYJET,departure,0,2024-11-03 09:50:00,2024-11-03 09:50:00,Geneva
Abu Dhabi,ETIHAD AIRWAYS,departure,0,2024-11-03 09:55:00,2024-11-03 09:55:00,Geneva
Porto,EASYJET,departure,20,2024-11-03 10:35:00,2024-11-03 10:15:00,Geneva
Warsaw,LOT POLISH AIRLINES,departure,-10,2024-11-03 10:10:00,2024-11-03 10:20:00,Geneva
Athens,SWISS,departure,0,2024-11-03 10:30:00,2024-11-03 10:30:00,Geneva
Paris,AIR FRANCE,departure,0,2024-11-03 10:30:00,2024-11-03 10:30:00,Geneva
Zurich,SWISS,departure,0,2024-11-03 10:35:00,2024-11-03 10:35:00,Geneva
Faro,EASYJET,departure,-10,2024-11-03 10:35:00,2024-11-03 10:45:00,Geneva
Manchester,EASYJET,departure,0,2024-11-03 10:45:00,2024-11-03 10:45:00,Geneva
Edinburgh,EASYJET,departure,15,2024-11-03 11:00:00,2024-11-03 10:45:00,Geneva
Helsinki,FINNAIR,departure,0,2024-11-03 10:50:00,2024-11-03 10:50:00,Geneva
Frankfurt,AIR DOLOMITI,departure,0,2024-11-03 10:50:00,2024-11-03 10:50:00,Geneva
Madrid,IBERIA,departure,0,2024-11-03 12:35:00,2024-11-03 12:35:00,Geneva
London,EASYJET,departure,0,2024-11-03 12:30:00,2024-11-03 12:30:00,Geneva
Montreal,AIR CANADA,departure,0,2024-11-03 12:20:00,2024-11-03 12:20:00,Geneva
London,BRITISH AIRWAYS,departure,0,2024-11-03 12:10:00,2024-11-03 12:10:00,Geneva
London,EASYJET,departure,0,2024-11-03 12:05:00,2024-11-03 12:05:00,Geneva
Paris,AIR FRANCE,departure,0,2024-11-03 12:05:00,2024-11-03 12:05:00,Geneva
Lisbon,TAP PORTUGAL,departure,10,2024-11-03 12:10:00,2024-11-03 12:00:00,Geneva
Nice,EASYJET,departure,0,2024-11-03 10:50:00,2024-11-03 10:50:00,Geneva
Amsterdam,KLM ROYAL DUTCH AIRLINES,departure,0,2024-11-03 11:50:00,2024-11-03 11:50:00,Geneva
Lisbon,SWISS,departure,0,2024-11-03 11:05:00,2024-11-03 11:05:00,Geneva
Naples,EASYJET,departure,0,2024-11-03 11:50:00,2024-11-03 11:50:00,Geneva
New York,SWISS,departure,0,2024-11-03 11:40:00,2024-11-03 11:40:00,Geneva
Amsterdam,EASYJET,departure,0,2024-11-03 10:20:00,2024-11-03 10:20:00,Geneva
Washington,UNITED AIRLINES,departure,0,2024-11-03 11:20:00,2024-11-03 11:20:00,Geneva
Zurich,SWISS,departure,0,2024-11-03 11:10:00,2024-11-03 11:10:00,Geneva
Brussels,EASYJET,departure,0,2024-11-03 11:10:00,2024-11-03 11:10:00,Geneva
London,EASYJET,departure,0,2024-11-03 10:55:00,2024-11-03 10:55:00,Geneva
Istanbul,TURKISH AIRLINES,departure,0,2024-11-03 11:00:00,2024-11-03 11:00:00,Geneva
Berlin,EASYJET,arrival,0,2024-11-03 15:30:00,2024-11-03 15:30:00,Geneva
Paris,EASYJET,arrival,0,2024-11-03 15:35:00,2024-11-03 15:35:00,Geneva
Porto,TAP PORTUGAL,arrival,0,2024-11-03 15:30:00,2024-11-03 15:30:00,Geneva
Marrakech,SWISS,arrival,-19,2024-11-03 15:06:00,2024-11-03 15:25:00,Geneva
Dubai,EMIRATES,arrival,9,2024-11-03 12:54:00,2024-11-03 12:45:00,Geneva
London,EASYJET,arrival,16,2024-11-03 15:01:00,2024-11-03 14:45:00,Geneva
Porto,EASYJET,arrival,-22,2024-11-03 12:18:00,2024-11-03 12:40:00,Geneva
Brindisi,EASYJET,arrival,-24,2024-11-03 12:16:00,2024-11-03 12:40:00,Geneva
Tunis,NOUVELAIR TUNISIE,arrival,-9,2024-11-03 12:36:00,2024-11-03 12:45:00,Geneva
Zurich,SWISS,arrival,1,2024-11-03 12:51:00,2024-11-03 12:50:00,Geneva
Pristina,GP AVIATION,arrival,28,2024-11-03 13:23:00,2024-11-03 12:55:00,Geneva
Marrakech,EASYJET,arrival,22,2024-11-03 13:27:00,2024-11-03 13:05:00,Geneva
Frankfurt,LUFTHANSA,arrival,2,2024-11-03 13:07:00,2024-11-03 13:05:00,Geneva
Cairo,EGYPTAIR,arrival,-5,2024-11-03 13:00:00,2024-11-03 13:05:00,Geneva
Porto,EASYJET,arrival,-13,2024-11-03 12:57:00,2024-11-03 13:10:00,Geneva
Istanbul,PEGASUS,arrival,-15,2024-11-03 13:05:00,2024-11-03 13:20:00,Geneva
Madrid,IBERIA,arrival,0,2024-11-03 13:25:00,2024-11-03 13:25:00,Geneva
Lisbon,EASYJET,arrival,47,2024-11-03 15:32:00,2024-11-03 14:45:00,Geneva
Dublin,AER LINGUS,arrival,5,2024-11-03 13:35:00,2024-11-03 13:30:00,Geneva
London,BRITISH AIRWAYS,arrival,3,2024-11-03 13:33:00,2024-11-03 13:30:00,Geneva
Jeddah,SAUDIA,arrival,-51,2024-11-03 12:44:00,2024-11-03 13:35:00,Geneva
Doha,QATAR AIRWAYS,arrival,-30,2024-11-03 13:15:00,2024-11-03 13:45:00,Geneva
Pristina,EASYJET,arrival,-27,2024-11-03 13:18:00,2024-11-03 13:45:00,Geneva
Zurich,SWISS,arrival,-6,2024-11-03 13:39:00,2024-11-03 13:45:00,Geneva
Amsterdam,KLM ROYAL DUTCH AIRLINES,arrival,7,2024-11-03 13:57:00,2024-11-03 13:50:00,Geneva
Istanbul,TURKISH AIRLINES,arrival,-30,2024-11-03 13:20:00,2024-11-03 13:50:00,Geneva
London,EASYJET,arrival,-13,2024-11-03 13:37:00,2024-11-03 13:50:00,Geneva
A Coruna,EASYJET,arrival,9,2024-11-03 14:04:00,2024-11-03 13:55:00,Geneva
Paris,AIR FRANCE,arrival,-11,2024-11-03 13:59:00,2024-11-03 14:10:00,Geneva
Malaga,SWISS,arrival,11,2024-11-03 14:31:00,2024-11-03 14:20:00,Geneva
Brussels,EASYJET,arrival,4,2024-11-03 14:24:00,2024-11-03 14:20:00,Geneva
Nice,EASYJET,arrival,-1,2024-11-03 13:29:00,2024-11-03 13:30:00,Geneva
London,SWISS,departure,0,2024-11-03 12:50:00,2024-11-03 12:50:00,Geneva
Nice,EASYJET,departure,-5,2024-11-03 12:50:00,2024-11-03 12:55:00,Geneva
Paris,EASYJET,departure,0,2024-11-03 13:00:00,2024-11-03 13:00:00,Geneva
Catania,EASYJET,departure,-5,2024-11-03 13:10:00,2024-11-03 13:15:00,Geneva
Porto,EASYJET,departure,0,2024-11-03 13:30:00,2024-11-03 13:30:00,Geneva
Frankfurt,LUFTHANSA,departure,0,2024-11-03 13:40:00,2024-11-03 13:40:00,Geneva
Bari,EASYJET,departure,-5,2024-11-03 13:25:00,2024-11-03 13:30:00,Geneva
Cairo,EGYPTAIR,departure,0,2024-11-03 14:05:00,2024-11-03 14:05:00,Geneva
Olbia,EASYJET,departure,-10,2024-11-03 13:40:00,2024-11-03 13:50:00,Geneva
Hamburg,SWISS,departure,0,2024-11-03 13:50:00,2024-11-03 13:50:00,Geneva
Pristina,GP AVIATION,departure,0,2024-11-03 13:55:00,2024-11-03 13:55:00,Geneva
Cagliari,EASYJET,departure,0,2024-11-03 14:05:00,2024-11-03 14:05:00,Geneva
Madrid,IBERIA,departure,0,2024-11-03 14:10:00,2024-11-03 14:10:00,Geneva
Tunis,NOUVELAIR TUNISIE,departure,0,2024-11-03 13:45:00,2024-11-03 13:45:00,Geneva
Seville,EASYJET,departure,0,2024-11-03 12:50:00,2024-11-03 12:50:00,Geneva
Lille,EASYJET,departure,0,2024-11-03 14:10:00,2024-11-03 14:10:00,Geneva
Lisbon,EASYJET,departure,0,2024-11-03 12:40:00,2024-11-03 12:40:00,Geneva
Split,EASYJET,departure,0,2024-11-03 14:10:00,2024-11-03 14:10:00,Geneva
London,EASYJET,departure,0,2024-11-03 14:35:00,2024-11-03 14:35:00,Geneva
Budapest,EASYJET,departure,0,2024-11-03 14:15:00,2024-11-03 14:15:00,Geneva
Amsterdam,KLM ROYAL DUTCH AIRLINES,departure,0,2024-11-03 14:35:00,2024-11-03 14:35:00,Geneva
Istanbul,TURKISH AIRLINES,departure,0,2024-11-03 14:45:00,2024-11-03 14:45:00,Geneva
Zurich,SWISS,departure,0,2024-11-03 14:50:00,2024-11-03 14:50:00,Geneva
Paris,AIR FRANCE,departure,0,2024-11-03 15:00:00,2024-11-03 15:00:00,Geneva
Dubai,EMIRATES,departure,0,2024-11-03 15:00:00,2024-11-03 15:00:00,Geneva
Agadir,EASYJET,departure,0,2024-11-03 15:00:00,2024-11-03 15:00:00,Geneva
Jeddah,SAUDIA,departure,0,2024-11-03 15:00:00,2024-11-03 15:00:00,Geneva
Barcelona,EASYJET,departure,0,2024-11-03 15:10:00,2024-11-03 15:10:00,Geneva
Prague,EASYJET,departure,0,2024-11-03 15:15:00,2024-11-03 15:15:00,Geneva
Lisbon,EASYJET,departure,45,2024-11-03 16:05:00,2024-11-03 15:20:00,Geneva
Doha,QATAR AIRWAYS,departure,0,2024-11-03 15:25:00,2024-11-03 15:25:00,Geneva
London,BRITISH AIRWAYS,departure,0,2024-11-03 14:30:00,2024-11-03 14:30:00,Geneva
Istanbul,PEGASUS,departure,0,2024-11-03 14:20:00,2024-11-03 14:20:00,Geneva
Dublin,AER LINGUS,departure,0,2024-11-03 14:10:00,2024-11-03 14:10:00,Geneva
Luxembourg,LUXAIR,arrival,-8,2024-11-03 16:12:00,2024-11-03 16:20:00,Geneva
Amsterdam,EASYJET,arrival,-7,2024-11-03 15:33:00,2024-11-03 15:40:00,Geneva
Olbia,EASYJET,arrival,0,2024-11-03 17:35:00,2024-11-03 17:35:00,Geneva
Cagliari,EASYJET,arrival,0,2024-11-03 17:45:00,2024-11-03 17:45:00,Geneva
Nice,EASYJET,arrival,0,2024-11-03 17:45:00,2024-11-03 17:45:00,Geneva
Naples,EASYJET,arrival,-2,2024-11-03 17:23:00,2024-11-03 17:25:00,Geneva
Lille,EASYJET,arrival,-16,2024-11-03 16:59:00,2024-11-03 17:15:00,Geneva
Istanbul,TURKISH AIRLINES,arrival,-17,2024-11-03 16:53:00,2024-11-03 17:10:00,Geneva
Lisbon,SWISS,arrival,17,2024-11-03 17:22:00,2024-11-03 17:05:00,Geneva
London,SWISS,arrival,13,2024-11-03 17:18:00,2024-11-03 17:05:00,Geneva
London,BRITISH AIRWAYS,arrival,-14,2024-11-03 15:26:00,2024-11-03 15:40:00,Geneva
Hurghada,SWISS,arrival,-12,2024-11-03 16:48:00,2024-11-03 17:00:00,Geneva
Athens,SWISS,arrival,4,2024-11-03 16:59:00,2024-11-03 16:55:00,Geneva
Vienna,AUSTRIAN,arrival,-4,2024-11-03 16:51:00,2024-11-03 16:55:00,Geneva
Amsterdam,KLM ROYAL DUTCH AIRLINES,arrival,-18,2024-11-03 16:22:00,2024-11-03 16:40:00,Geneva
Munich,AIR DOLOMITI,arrival,9,2024-11-03 16:39:00,2024-11-03 16:30:00,Geneva
Paris,AIR FRANCE,arrival,-11,2024-11-03 16:04:00,2024-11-03 16:15:00,Geneva
Brussels,BRUSSELS AIRLINES,arrival,-12,2024-11-03 15:58:00,2024-11-03 16:10:00,Geneva
Frankfurt,LUFTHANSA,arrival,-3,2024-11-03 16:02:00,2024-11-03 16:05:00,Geneva
Athens,AEGEAN AIRLINES,arrival,14,2024-11-03 16:14:00,2024-11-03 16:00:00,Geneva
Tunis,TUNISAIR,arrival,69,2024-11-03 17:09:00,2024-11-03 16:00:00,Geneva
Naples,EASYJET,arrival,-20,2024-11-03 15:35:00,2024-11-03 15:55:00,Geneva
Porto,EASYJET,arrival,5,2024-11-03 16:00:00,2024-11-03 15:55:00,Geneva
Barcelona,EASYJET,arrival,77,2024-11-03 17:12:00,2024-11-03 15:55:00,Geneva
Casablanca,ROYAL AIR MAROC,arrival,-7,2024-11-03 15:48:00,2024-11-03 15:55:00,Geneva
Bristol,EASYJET,arrival,1,2024-11-03 15:51:00,2024-11-03 15:50:00,Geneva
Marrakech,EASYJET,arrival,19,2024-11-03 17:14:00,2024-11-03 16:55:00,Geneva
Nice,SWISS,arrival,0,2024-11-03 20:40:00,2024-11-03 20:40:00,Geneva
Bari,EASYJET,arrival,-1,2024-11-03 17:59:00,2024-11-03 18:00:00,Geneva
Toulouse,EASYJET,arrival,0,2024-11-03 21:55:00,2024-11-03 21:55:00,Geneva
London,BRITISH AIRWAYS,arrival,0,2024-11-03 22:05:00,2024-11-03 22:05:00,Geneva
Bordeaux,EASYJET,arrival,0,2024-11-03 22:15:00,2024-11-03 22:15:00,Geneva
London,EASYJET,arrival,0,2024-11-03 22:25:00,2024-11-03 22:25:00,Geneva
Lisbon,EASYJET,arrival,0,2024-11-03 22:30:00,2024-11-03 22:30:00,Geneva
Ibiza,EASYJET,arrival,0,2024-11-03 22:30:00,2024-11-03 22:30:00,Geneva
Brussels,EASYJET,arrival,0,2024-11-03 22:30:00,2024-11-03 22:30:00,Geneva
Paris,EASYJET,arrival,0,2024-11-03 22:30:00,2024-11-03 22:30:00,Geneva
Porto,EASYJET,arrival,0,2024-11-03 22:50:00,2024-11-03 22:50:00,Geneva
Alicante,EASYJET,arrival,0,2024-11-03 22:50:00,2024-11-03 22:50:00,Geneva
Agadir,EASYJET,arrival,0,2024-11-03 22:50:00,2024-11-03 22:50:00,Geneva
London,EASYJET,arrival,0,2024-11-03 23:00:00,2024-11-03 23:00:00,Geneva
Nantes,EASYJET,arrival,0,2024-11-03 23:00:00,2024-11-03 23:00:00,Geneva
Barcelona,EASYJET,arrival,0,2024-11-03 22:35:00,2024-11-03 22:35:00,Geneva
Copenhagen,EASYJET,arrival,0,2024-11-03 22:40:00,2024-11-03 22:40:00,Geneva
Manchester,ETHIOPIAN AIRLINES,arrival,0,2024-11-03 21:20:00,2024-11-03 21:20:00,Geneva
Porto,SWISS,arrival,0,2024-11-03 21:50:00,2024-11-03 21:50:00,Geneva
Split,EASYJET,arrival,0,2024-11-03 18:00:00,2024-11-03 18:00:00,Geneva
Seville,EASYJET,arrival,29,2024-11-03 18:34:00,2024-11-03 18:05:00,Geneva
Hamburg,SWISS,arrival,0,2024-11-03 18:10:00,2024-11-03 18:10:00,Geneva
Manchester,EASYJET,arrival,0,2024-11-03 18:10:00,2024-11-03 18:10:00,Geneva
Catania,EASYJET,arrival,0,2024-11-03 18:20:00,2024-11-03 18:20:00,Geneva
Lisbon,EASYJET,arrival,11,2024-11-03 18:36:00,2024-11-03 18:25:00,Geneva
Porto,EASYJET,arrival,0,2024-11-03 18:40:00,2024-11-03 18:40:00,Geneva
Prague,EASYJET,arrival,0,2024-11-03 19:00:00,2024-11-03 19:00:00,Geneva
Budapest,EASYJET,arrival,0,2024-11-03 18:30:00,2024-11-03 18:30:00,Geneva
Barcelona,EASYJET,arrival,0,2024-11-03 19:15:00,2024-11-03 19:15:00,Geneva
Pristina,EASYJET,arrival,0,2024-11-03 21:05:00,2024-11-03 21:05:00,Geneva
Barcelona,EASYJET,arrival,0,2024-11-03 20:00:00,2024-11-03 20:00:00,Geneva
Prague,EUROWINGS,arrival,0,2024-11-03 20:10:00,2024-11-03 20:10:00,Geneva
Nantes,EASYJET,arrival,0,2024-11-03 19:35:00,2024-11-03 19:35:00,Geneva
Toulouse,EASYJET,departure,10,2024-11-03 19:10:00,2024-11-03 19:00:00,Geneva
London,EASYJET,departure,0,2024-11-03 19:15:00,2024-11-03 19:15:00,Geneva
Manchester,EASYJET,departure,0,2024-11-03 19:00:00,2024-11-03 19:00:00,Geneva
Istanbul,TURKISH AIRLINES,departure,0,2024-11-03 18:35:00,2024-11-03 18:35:00,Geneva
Barcelona,EASYJET,departure,0,2024-11-03 18:50:00,2024-11-03 18:50:00,Geneva
Rome,EASYJET,departure,25,2024-11-03 19:10:00,2024-11-03 18:45:00,Geneva
London,EASYJET,departure,0,2024-11-03 18:40:00,2024-11-03 18:40:00,Geneva
Bordeaux,EASYJET,departure,0,2024-11-03 18:55:00,2024-11-03 18:55:00,Geneva
Paris,EASYJET,departure,0,2024-11-03 19:35:00,2024-11-03 19:35:00,Geneva
Prague,EUROWINGS,departure,0,2024-11-03 21:00:00,2024-11-03 21:00:00,Geneva
Nantes,EASYJET,departure,0,2024-11-03 19:50:00,2024-11-03 19:50:00,Geneva
Nice,EASYJET,departure,0,2024-11-03 18:30:00,2024-11-03 18:30:00,Geneva
Addis Ababa,ETHIOPIAN AIRLINES,departure,0,2024-11-03 22:15:00,2024-11-03 22:15:00,Geneva
Berlin,EASYJET,departure,0,2024-11-03 21:00:00,2024-11-03 21:00:00,Geneva
Barcelona,EASYJET,departure,0,2024-11-03 20:40:00,2024-11-03 20:40:00,Geneva
Zurich,SWISS,departure,0,2024-11-03 20:30:00,2024-11-03 20:30:00,Geneva
Naples,EASYJET,departure,0,2024-11-03 18:00:00,2024-11-03 18:00:00,Geneva
Ibiza,EASYJET,departure,0,2024-11-03 18:20:00,2024-11-03 18:20:00,Geneva
Athens,AEGEAN AIRLINES,departure,0,2024-11-03 16:55:00,2024-11-03 16:55:00,Geneva
Lisbon,EASYJET,departure,0,2024-11-03 16:45:00,2024-11-03 16:45:00,Geneva
Frankfurt,LUFTHANSA,departure,0,2024-11-03 16:45:00,2024-11-03 16:45:00,Geneva
Barcelona,EASYJET,departure,65,2024-11-03 17:45:00,2024-11-03 16:40:00,Geneva
Bristol,EASYJET,departure,0,2024-11-03 16:35:00,2024-11-03 16:35:00,Geneva
Porto,EASYJET,departure,10,2024-11-03 16:40:00,2024-11-03 16:30:00,Geneva
Casablanca,ROYAL AIR MAROC,departure,0,2024-11-03 16:55:00,2024-11-03 16:55:00,Geneva
London,BRITISH AIRWAYS,departure,0,2024-11-03 16:25:00,2024-11-03 16:25:00,Geneva
Nantes,EASYJET,departure,0,2024-11-03 16:20:00,2024-11-03 16:20:00,Geneva
Berlin,EASYJET,departure,-5,2024-11-03 16:05:00,2024-11-03 16:10:00,Geneva
Porto,SWISS,departure,0,2024-11-03 16:10:00,2024-11-03 16:10:00,Geneva
London,SWISS,departure,0,2024-11-03 15:55:00,2024-11-03 15:55:00,Geneva
Pristina,EASYJET,departure,0,2024-11-03 15:40:00,2024-11-03 15:40:00,Geneva
Alicante,EASYJET,departure,0,2024-11-03 18:20:00,2024-11-03 18:20:00,Geneva
Amsterdam,EASYJET,departure,0,2024-11-03 16:25:00,2024-11-03 16:25:00,Geneva
Brussels,BRUSSELS AIRLINES,departure,0,2024-11-03 17:00:00,2024-11-03 17:00:00,Geneva
Porto,TAP PORTUGAL,departure,155,2024-11-03 19:00:00,2024-11-03 16:25:00,Geneva
Luxembourg,LUXAIR,departure,0,2024-11-03 17:00:00,2024-11-03 17:00:00,Geneva
Copenhagen,EASYJET,departure,0,2024-11-03 17:55:00,2024-11-03 17:55:00,Geneva
Nice,SWISS,departure,0,2024-11-03 17:55:00,2024-11-03 17:55:00,Geneva
Munich,AIR DOLOMITI,departure,0,2024-11-03 17:10:00,2024-11-03 17:10:00,Geneva
Paris,AIR FRANCE,departure,0,2024-11-03 17:05:00,2024-11-03 17:05:00,Geneva
Porto,EASYJET,departure,10,2024-11-03 17:50:00,2024-11-03 17:40:00,Geneva
Tunis,TUNISAIR,departure,25,2024-11-03 17:25:00,2024-11-03 17:00:00,Geneva
Nantes,EASYJET,arrival,0,2024-11-04 22:15:00,2024-11-04 22:15:00,Geneva
Copenhagen,EASYJET,arrival,0,2024-11-04 22:15:00,2024-11-04 22:15:00,Geneva
Barcelona,EASYJET,arrival,0,2024-11-04 16:30:00,2024-11-04 16:30:00,Geneva
Rome,EASYJET,arrival,0,2024-11-04 22:25:00,2024-11-04 22:25:00,Geneva
Nice,SWISS,arrival,0,2024-11-04 22:20:00,2024-11-04 22:20:00,Geneva
Porto,EASYJET,arrival,0,2024-11-04 22:30:00,2024-11-04 22:30:00,Geneva
Bordeaux,EASYJET,arrival,0,2024-11-04 22:55:00,2024-11-04 22:55:00,Geneva
Stockholm,EASYJET,arrival,0,2024-11-04 22:35:00,2024-11-04 22:35:00,Geneva
Amsterdam,EASYJET,arrival,0,2024-11-04 22:35:00,2024-11-04 22:35:00,Geneva
London,EASYJET,arrival,0,2024-11-04 22:40:00,2024-11-04 22:40:00,Geneva
Nice,EASYJET,arrival,0,2024-11-04 22:45:00,2024-11-04 22:45:00,Geneva
Heraklion,EASYJET,arrival,0,2024-11-04 22:55:00,2024-11-04 22:55:00,Geneva
Bilbao,EASYJET,arrival,0,2024-11-04 22:35:00,2024-11-04 22:35:00,Geneva
Frankfurt,LUFTHANSA,arrival,0,2024-11-04 21:55:00,2024-11-04 21:55:00,Geneva
Toulouse,EASYJET,arrival,0,2024-11-04 19:35:00,2024-11-04 19:35:00,Geneva
Marrakech,EASYJET,arrival,12,2024-11-04 22:07:00,2024-11-04 21:55:00,Geneva
Barcelona,EASYJET,arrival,0,2024-11-04 17:10:00,2024-11-04 17:10:00,Geneva
Munich,AIR DOLOMITI,arrival,64,2024-11-04 20:24:00,2024-11-04 19:20:00,Geneva
Maurice,AIR MAURITIUS,arrival,-63,2024-11-04 18:27:00,2024-11-04 19:30:00,Geneva
London,BRITISH AIRWAYS,arrival,10,2024-11-04 20:05:00,2024-11-04 19:55:00,Geneva
London,BRITISH AIRWAYS,arrival,0,2024-11-04 21:55:00,2024-11-04 21:55:00,Geneva
Madrid,IBERIA,arrival,0,2024-11-04 20:00:00,2024-11-04 20:00:00,Geneva
Manchester,EASYJET,arrival,21,2024-11-04 20:36:00,2024-11-04 20:15:00,Geneva
Porto,EASYJET,arrival,1,2024-11-04 20:16:00,2024-11-04 20:15:00,Geneva
Brussels,BRUSSELS AIRLINES,arrival,0,2024-11-04 20:20:00,2024-11-04 20:20:00,Geneva
Manchester,ETHIOPIAN AIRLINES,arrival,3,2024-11-04 20:33:00,2024-11-04 20:30:00,Geneva
Marrakech,SWISS,arrival,-8,2024-11-04 21:07:00,2024-11-04 21:15:00,Geneva
Faro,EASYJET,arrival,0,2024-11-04 21:50:00,2024-11-04 21:50:00,Geneva
London,EASYJET,arrival,-16,2024-11-04 19:44:00,2024-11-04 20:00:00,Geneva
Zurich,SWISS,arrival,0,2024-11-04 23:35:00,2024-11-04 23:35:00,Geneva
Porto,EASYJET,departure,0,2024-11-04 20:50:00,2024-11-04 20:50:00,Geneva
London,EASYJET,departure,0,2024-11-04 20:45:00,2024-11-04 20:45:00,Geneva
London,BRITISH AIRWAYS,departure,0,2024-11-04 20:45:00,2024-11-04 20:45:00,Geneva
Madrid,IBERIA,departure,0,2024-11-04 20:45:00,2024-11-04 20:45:00,Geneva
Nice,EASYJET,departure,0,2024-11-04 20:10:00,2024-11-04 20:10:00,Geneva
Munich,AIR DOLOMITI,departure,60,2024-11-04 21:00:00,2024-11-04 20:00:00,Geneva
Bordeaux,EASYJET,departure,-10,2024-11-04 19:35:00,2024-11-04 19:45:00,Geneva
Manchester,EASYJET,departure,10,2024-11-04 21:10:00,2024-11-04 21:00:00,Geneva
Zurich,SWISS,departure,0,2024-11-04 19:05:00,2024-11-04 19:05:00,Geneva
London,EASYJET,departure,-5,2024-11-04 18:45:00,2024-11-04 18:50:00,Geneva
Nantes,EASYJET,departure,30,2024-11-04 19:20:00,2024-11-04 18:50:00,Geneva
Bilbao,EASYJET,departure,5,2024-11-04 18:50:00,2024-11-04 18:45:00,Geneva
Amsterdam,EASYJET,departure,60,2024-11-04 19:45:00,2024-11-04 18:45:00,Geneva
Barcelona,EASYJET,departure,0,2024-11-04 17:05:00,2024-11-04 17:05:00,Geneva
Nice,SWISS,departure,-10,2024-11-04 19:25:00,2024-11-04 19:35:00,Geneva
Brussels,BRUSSELS AIRLINES,departure,0,2024-11-04 21:10:00,2024-11-04 21:10:00,Geneva
Addis Ababa,ETHIOPIAN AIRLINES,departure,0,2024-11-04 21:25:00,2024-11-04 21:25:00,Geneva
Maurice,AIR MAURITIUS,departure,0,2024-11-04 21:15:00,2024-11-04 21:15:00,Geneva
Alicante,EASYJET,arrival,0,2024-11-06 21:40:00,2024-11-06 21:40:00,Geneva
Paris,AIR FRANCE,arrival,-13,2024-11-06 17:12:00,2024-11-06 17:25:00,Geneva
Porto,SWISS,arrival,-9,2024-11-06 17:16:00,2024-11-06 17:25:00,Geneva
Nantes,EASYJET,arrival,0,2024-11-06 14:00:00,2024-11-06 14:00:00,Geneva
Copenhagen,SAS SCANDINAVIAN AIRLINES,arrival,-5,2024-11-06 19:25:00,2024-11-06 19:30:00,Geneva
Paris,AIR FRANCE,arrival,0,2024-11-06 19:40:00,2024-11-06 19:40:00,Geneva
London,EASYJET,arrival,0,2024-11-06 19:55:00,2024-11-06 19:55:00,Geneva
Düsseldorf,EUROWINGS,arrival,0,2024-11-06 20:05:00,2024-11-06 20:05:00,Geneva
London,SWISS,arrival,0,2024-11-06 20:05:00,2024-11-06 20:05:00,Geneva
Luxembourg,LUXAIR,arrival,0,2024-11-06 20:15:00,2024-11-06 20:15:00,Geneva
Istanbul,TURKISH AIRLINES,arrival,-31,2024-11-06 16:54:00,2024-11-06 17:25:00,Geneva
Berlin,EASYJET,arrival,0,2024-11-06 20:20:00,2024-11-06 20:20:00,Geneva
Porto,EASYJET,arrival,-11,2024-11-06 20:09:00,2024-11-06 20:20:00,Geneva
London,BRITISH AIRWAYS,arrival,0,2024-11-06 20:20:00,2024-11-06 20:20:00,Geneva
London,BRITISH AIRWAYS,arrival,0,2024-11-06 20:45:00,2024-11-06 20:45:00,Geneva
Djerba,EASYJET,arrival,0,2024-11-06 20:50:00,2024-11-06 20:50:00,Geneva
Brussels,SWISS,arrival,0,2024-11-06 21:00:00,2024-11-06 21:00:00,Geneva
Nice,SWISS,arrival,0,2024-11-06 21:20:00,2024-11-06 21:20:00,Geneva
Belgrade,EASYJET,arrival,0,2024-11-06 21:45:00,2024-11-06 21:45:00,Geneva
Toulouse,EASYJET,arrival,0,2024-11-06 20:15:00,2024-11-06 20:15:00,Geneva
Lisbon,TAP PORTUGAL,arrival,92,2024-11-06 19:02:00,2024-11-06 17:30:00,Geneva
Zurich,SWISS,arrival,-11,2024-11-06 17:24:00,2024-11-06 17:35:00,Geneva
Munich,AIR DOLOMITI,arrival,0,2024-11-06 19:25:00,2024-11-06 19:25:00,Geneva
Manchester,EASYJET,arrival,-3,2024-11-06 19:07:00,2024-11-06 19:10:00,Geneva
Vienna,AUSTRIAN,arrival,-10,2024-11-06 19:00:00,2024-11-06 19:10:00,Geneva
Warsaw,LOT POLISH AIRLINES,arrival,15,2024-11-06 19:15:00,2024-11-06 19:00:00,Geneva
Zurich,SWISS,arrival,0,2024-11-06 18:50:00,2024-11-06 18:50:00,Geneva
Dubai,EMIRATES,arrival,-17,2024-11-06 18:28:00,2024-11-06 18:45:00,Geneva
Amsterdam,KLM ROYAL DUTCH AIRLINES,arrival,-1,2024-11-06 18:39:00,2024-11-06 18:40:00,Geneva
Paris,EASYJET,arrival,0,2024-11-06 21:50:00,2024-11-06 21:50:00,Geneva
Amsterdam,EASYJET,arrival,-20,2024-11-06 18:20:00,2024-11-06 18:40:00,Geneva
Nice,EASYJET,arrival,3,2024-11-06 18:38:00,2024-11-06 18:35:00,Geneva
Budapest,EASYJET,arrival,16,2024-11-06 18:41:00,2024-11-06 18:25:00,Geneva
Casablanca,AIR ARABIA MAROC,arrival,-5,2024-11-06 18:00:00,2024-11-06 18:05:00,Geneva
Rome,ITA AIRWAYS,arrival,-2,2024-11-06 17:58:00,2024-11-06 18:00:00,Geneva
Madrid,IBERIA,arrival,-6,2024-11-06 17:44:00,2024-11-06 17:50:00,Geneva
London,BRITISH AIRWAYS,arrival,-8,2024-11-06 17:42:00,2024-11-06 17:50:00,Geneva
Brussels,BRUSSELS AIRLINES,arrival,-12,2024-11-06 17:33:00,2024-11-06 17:45:00,Geneva
Frankfurt,AIR DOLOMITI,arrival,24,2024-11-06 18:09:00,2024-11-06 17:45:00,Geneva
Pristina,EASYJET,arrival,-5,2024-11-06 17:40:00,2024-11-06 17:45:00,Geneva
Tenerife,EASYJET,arrival,-16,2024-11-06 17:19:00,2024-11-06 17:35:00,Geneva
Barcelona,VUELING,arrival,5,2024-11-06 17:35:00,2024-11-06 17:30:00,Geneva
Zurich,SWISS,arrival,0,2024-11-06 21:50:00,2024-11-06 21:50:00,Geneva
Split,EASYJET,arrival,0,2024-11-06 22:15:00,2024-11-06 22:15:00,Geneva
Sharm El-Sheikh,EASYJET,arrival,-16,2024-11-06 21:44:00,2024-11-06 22:00:00,Geneva
Berlin,SWISS,arrival,0,2024-11-06 22:00:00,2024-11-06 22:00:00,Geneva
Lisbon,TAP PORTUGAL,arrival,0,2024-11-06 23:15:00,2024-11-06 23:15:00,Geneva
Munich,AIR DOLOMITI,arrival,0,2024-11-06 23:05:00,2024-11-06 23:05:00,Geneva
Paris,AIR FRANCE,arrival,0,2024-11-06 23:00:00,2024-11-06 23:00:00,Geneva
Barcelona,EASYJET,arrival,0,2024-11-06 22:55:00,2024-11-06 22:55:00,Geneva
Nantes,EASYJET,arrival,0,2024-11-06 22:40:00,2024-11-06 22:40:00,Geneva
Porto,EASYJET,arrival,0,2024-11-06 22:35:00,2024-11-06 22:35:00,Geneva
Brussels,EASYJET,arrival,0,2024-11-06 22:25:00,2024-11-06 22:25:00,Geneva
Amsterdam,KLM ROYAL DUTCH AIRLINES,arrival,0,2024-11-06 22:45:00,2024-11-06 22:45:00,Geneva
Brussels,SWISS,arrival,0,2024-11-06 22:25:00,2024-11-06 22:25:00,Geneva
Madrid,IBERIA,arrival,0,2024-11-06 22:20:00,2024-11-06 22:20:00,Geneva
Rome,EASYJET,arrival,0,2024-11-06 22:10:00,2024-11-06 22:10:00,Geneva
Frankfurt,LUFTHANSA,arrival,0,2024-11-06 22:05:00,2024-11-06 22:05:00,Geneva
London,SWISS,arrival,0,2024-11-06 22:05:00,2024-11-06 22:05:00,Geneva
Marrakech,EASYJET,arrival,0,2024-11-06 22:00:00,2024-11-06 22:00:00,Geneva
Lisbon,EASYJET,arrival,0,2024-11-06 22:25:00,2024-11-06 22:25:00,Geneva
Istanbul,TURKISH AIRLINES,departure,-5,2024-11-06 18:15:00,2024-11-06 18:20:00,Geneva
Manchester,EASYJET,departure,0,2024-11-06 19:55:00,2024-11-06 19:55:00,Geneva
Vienna,AUSTRIAN,departure,0,2024-11-06 19:55:00,2024-11-06 19:55:00,Geneva
Brussels,BRUSSELS AIRLINES,departure,0,2024-11-06 18:30:00,2024-11-06 18:30:00,Geneva
Frankfurt,AIR DOLOMITI,departure,20,2024-11-06 18:45:00,2024-11-06 18:25:00,Geneva
Rome,EASYJET,departure,0,2024-11-06 18:20:00,2024-11-06 18:20:00,Geneva
Split,EASYJET,departure,-10,2024-11-06 18:10:00,2024-11-06 18:20:00,Geneva
Lisbon,TAP PORTUGAL,departure,80,2024-11-06 19:40:00,2024-11-06 18:20:00,Geneva
Toulouse,EASYJET,departure,0,2024-11-06 17:20:00,2024-11-06 17:20:00,Geneva
Barcelona,VUELING,departure,10,2024-11-06 18:20:00,2024-11-06 18:10:00,Geneva
London,SWISS,departure,0,2024-11-06 17:50:00,2024-11-06 17:50:00,Geneva
Berlin,SWISS,departure,30,2024-11-06 18:15:00,2024-11-06 17:45:00,Geneva
Brussels,SWISS,departure,0,2024-11-06 17:40:00,2024-11-06 17:40:00,Geneva
Vienna,AUSTRIAN,departure,0,2024-11-06 17:40:00,2024-11-06 17:40:00,Geneva
Amsterdam,KLM ROYAL DUTCH AIRLINES,departure,0,2024-11-06 17:30:00,2024-11-06 17:30:00,Geneva
Munich,AIR DOLOMITI,departure,0,2024-11-06 20:05:00,2024-11-06 20:05:00,Geneva
Porto,EASYJET,departure,-5,2024-11-06 17:15:00,2024-11-06 17:20:00,Geneva
Nantes,EASYJET,departure,0,2024-11-06 10:40:00,2024-11-06 10:40:00,Geneva
Paris,AIR FRANCE,departure,0,2024-11-06 18:15:00,2024-11-06 18:15:00,Geneva
Zurich,SWISS,departure,0,2024-11-06 20:15:00,2024-11-06 20:15:00,Geneva
Berlin,EASYJET,departure,0,2024-11-06 20:55:00,2024-11-06 20:55:00,Geneva
Paris,AIR FRANCE,departure,0,2024-11-06 20:30:00,2024-11-06 20:30:00,Geneva
Amsterdam,KLM ROYAL DUTCH AIRLINES,departure,5,2024-11-06 19:30:00,2024-11-06 19:25:00,Geneva
Madrid,IBERIA,departure,0,2024-11-06 18:35:00,2024-11-06 18:35:00,Geneva
Nice,SWISS,departure,0,2024-11-06 18:35:00,2024-11-06 18:35:00,Geneva
London,BRITISH AIRWAYS,departure,0,2024-11-06 18:40:00,2024-11-06 18:40:00,Geneva
Rome,ITA AIRWAYS,departure,0,2024-11-06 18:55:00,2024-11-06 18:55:00,Geneva
Casablanca,AIR ARABIA MAROC,departure,0,2024-11-06 18:55:00,2024-11-06 18:55:00,Geneva
Paris,EASYJET,departure,0,2024-11-06 19:05:00,2024-11-06 19:05:00,Geneva
Brussels,SWISS,departure,0,2024-11-06 19:10:00,2024-11-06 19:10:00,Geneva
Brussels,EASYJET,departure,0,2024-11-06 19:15:00,2024-11-06 19:15:00,Geneva
Barcelona,EASYJET,departure,0,2024-11-06 19:15:00,2024-11-06 19:15:00,Geneva
Zurich,SWISS,departure,0,2024-11-06 19:20:00,2024-11-06 19:20:00,Geneva
Nantes,EASYJET,departure,0,2024-11-06 19:25:00,2024-11-06 19:25:00,Geneva
London,BRITISH AIRWAYS,departure,0,2024-11-06 21:00:00,2024-11-06 21:00:00,Geneva
Porto,EASYJET,departure,0,2024-11-06 20:55:00,2024-11-06 20:55:00,Geneva
Luxembourg,LUXAIR,departure,0,2024-11-06 20:55:00,2024-11-06 20:55:00,Geneva
London,SWISS,departure,0,2024-11-06 20:50:00,2024-11-06 20:50:00,Geneva
Düsseldorf,EUROWINGS,departure,0,2024-11-06 20:45:00,2024-11-06 20:45:00,Geneva
Dubai,EMIRATES,departure,0,2024-11-06 20:40:00,2024-11-06 20:40:00,Geneva
London,EASYJET,departure,0,2024-11-06 20:35:00,2024-11-06 20:35:00,Geneva
Copenhagen,SAS SCANDINAVIAN AIRLINES,departure,0,2024-11-06 20:15:00,2024-11-06 20:15:00,Geneva
Warsaw,LOT POLISH AIRLINES,departure,10,2024-11-06 19:50:00,2024-11-06 19:40:00,Geneva
